engine,scale_factor,variant,layout,encoding,compression,round,query,status,seconds,rows_or_error
duckdb_cpu,1,keyorder-delta-snappy,keyorder,delta,snappy,1,query1,OK,0.277,4
duckdb_cpu,1,keyorder-delta-snappy,keyorder,delta,snappy,1,query9,OK,0.262,175
duckdb_cpu,1,keyorder-delta-snappy,keyorder,delta,snappy,1,query13,OK,0.072,42
duckdb_cpu,1,keyorder-dict-snappy,keyorder,dict,snappy,1,query1,OK,0.720,4
duckdb_cpu,1,keyorder-dict-snappy,keyorder,dict,snappy,1,query9,OK,1.399,175
duckdb_cpu,1,keyorder-dict-snappy,keyorder,dict,snappy,1,query13,OK,0.520,42
duckdb_cpu,1,keyorder-plain-snappy,keyorder,plain,snappy,1,query1,OK,0.260,4
duckdb_cpu,1,keyorder-plain-snappy,keyorder,plain,snappy,1,query9,OK,0.295,175
duckdb_cpu,1,keyorder-plain-snappy,keyorder,plain,snappy,1,query13,OK,0.072,42
duckdb_cpu,1,shuffle-delta-lz4raw,shuffle,delta,lz4raw,1,query1,OK,1.071,4
duckdb_cpu,1,shuffle-delta-lz4raw,shuffle,delta,lz4raw,1,query9,OK,2.783,175
duckdb_cpu,1,shuffle-delta-lz4raw,shuffle,delta,lz4raw,1,query13,OK,0.745,42
duckdb_cpu,1,shuffle-delta-snappy,shuffle,delta,snappy,1,query1,OK,0.137,4
duckdb_cpu,1,shuffle-delta-snappy,shuffle,delta,snappy,1,query9,OK,0.309,175
duckdb_cpu,1,shuffle-delta-snappy,shuffle,delta,snappy,1,query13,OK,0.074,42
duckdb_cpu,1,shuffle-delta-zstd,shuffle,delta,zstd,1,query1,OK,0.194,4
duckdb_cpu,1,shuffle-delta-zstd,shuffle,delta,zstd,1,query9,OK,0.239,175
duckdb_cpu,1,shuffle-delta-zstd,shuffle,delta,zstd,1,query13,OK,0.078,42
duckdb_cpu,1,shuffle-dict-lz4raw,shuffle,dict,lz4raw,1,query1,OK,1.016,4
duckdb_cpu,1,shuffle-dict-lz4raw,shuffle,dict,lz4raw,1,query9,OK,1.994,175
duckdb_cpu,1,shuffle-dict-lz4raw,shuffle,dict,lz4raw,1,query13,OK,0.439,42
duckdb_cpu,1,shuffle-dict-snappy,shuffle,dict,snappy,1,query1,OK,0.709,4
duckdb_cpu,1,shuffle-dict-snappy,shuffle,dict,snappy,1,query9,OK,1.984,175
duckdb_cpu,1,shuffle-dict-snappy,shuffle,dict,snappy,1,query13,OK,0.076,42
duckdb_cpu,1,shuffle-dict-zstd,shuffle,dict,zstd,1,query1,OK,0.682,4
duckdb_cpu,1,shuffle-dict-zstd,shuffle,dict,zstd,1,query9,OK,0.523,175
duckdb_cpu,1,shuffle-dict-zstd,shuffle,dict,zstd,1,query13,OK,0.480,42
duckdb_cpu,1,shuffle-plain-lz4raw,shuffle,plain,lz4raw,1,query1,OK,0.394,4
duckdb_cpu,1,shuffle-plain-lz4raw,shuffle,plain,lz4raw,1,query9,OK,0.370,175
duckdb_cpu,1,shuffle-plain-lz4raw,shuffle,plain,lz4raw,1,query13,OK,0.070,42
duckdb_cpu,1,shuffle-plain-snappy,shuffle,plain,snappy,1,query1,OK,0.328,4
duckdb_cpu,1,shuffle-plain-snappy,shuffle,plain,snappy,1,query9,OK,0.398,175
duckdb_cpu,1,shuffle-plain-snappy,shuffle,plain,snappy,1,query13,OK,0.100,42
duckdb_cpu,1,shuffle-plain-zstd,shuffle,plain,zstd,1,query1,OK,1.954,4
duckdb_cpu,1,shuffle-plain-zstd,shuffle,plain,zstd,1,query9,OK,1.806,175
duckdb_cpu,1,shuffle-plain-zstd,shuffle,plain,zstd,1,query13,OK,0.323,42
duckdb_cpu,100,keyorder-delta-snappy,keyorder,delta,snappy,1,query1,OK,1.276,4
duckdb_cpu,100,keyorder-delta-snappy,keyorder,delta,snappy,1,query2,OK,0.714,100
duckdb_cpu,100,keyorder-delta-snappy,keyorder,delta,snappy,1,query3,OK,0.650,10
duckdb_cpu,100,keyorder-delta-snappy,keyorder,delta,snappy,1,query4,OK,0.714,5
duckdb_cpu,100,keyorder-delta-snappy,keyorder,delta,snappy,1,query5,OK,0.939,5
duckdb_cpu,100,keyorder-delta-snappy,keyorder,delta,snappy,1,query6,OK,0.237,1
duckdb_cpu,100,keyorder-delta-snappy,keyorder,delta,snappy,1,query7,OK,0.739,4
duckdb_cpu,100,keyorder-delta-snappy,keyorder,delta,snappy,1,query8,OK,0.855,2
duckdb_cpu,100,keyorder-delta-snappy,keyorder,delta,snappy,1,query9,OK,2.642,175
duckdb_cpu,100,keyorder-delta-snappy,keyorder,delta,snappy,1,query10,OK,0.864,20
duckdb_cpu,100,keyorder-delta-snappy,keyorder,delta,snappy,1,query11,OK,2.944,1706230
duckdb_cpu,100,keyorder-delta-snappy,keyorder,delta,snappy,1,query12,OK,0.761,2
duckdb_cpu,100,keyorder-delta-snappy,keyorder,delta,snappy,1,query13,OK,1.167,45
duckdb_cpu,100,keyorder-delta-snappy,keyorder,delta,snappy,1,query14,OK,0.516,1
duckdb_cpu,100,keyorder-delta-snappy,keyorder,delta,snappy,1,query15,OK,0.550,1
duckdb_cpu,100,keyorder-delta-snappy,keyorder,delta,snappy,1,query16,OK,0.495,27840
duckdb_cpu,100,keyorder-delta-snappy,keyorder,delta,snappy,1,query17,OK,0.767,1
duckdb_cpu,100,keyorder-delta-snappy,keyorder,delta,snappy,1,query18,OK,1.872,100
duckdb_cpu,100,keyorder-delta-snappy,keyorder,delta,snappy,1,query19,OK,1.802,1
duckdb_cpu,100,keyorder-delta-snappy,keyorder,delta,snappy,1,query20,OK,1.475,17971
duckdb_cpu,100,keyorder-delta-snappy,keyorder,delta,snappy,1,query21,OK,2.848,100
duckdb_cpu,100,keyorder-delta-snappy,keyorder,delta,snappy,1,query22,OK,0.623,7
duckdb_cpu,100,keyorder-delta-snappy,keyorder,delta,snappy,2,query1,OK,1.718,4
duckdb_cpu,100,keyorder-delta-snappy,keyorder,delta,snappy,2,query2,OK,0.807,100
duckdb_cpu,100,keyorder-delta-snappy,keyorder,delta,snappy,2,query3,OK,0.693,10
duckdb_cpu,100,keyorder-delta-snappy,keyorder,delta,snappy,2,query4,OK,0.879,5
duckdb_cpu,100,keyorder-delta-snappy,keyorder,delta,snappy,2,query5,OK,0.967,5
duckdb_cpu,100,keyorder-delta-snappy,keyorder,delta,snappy,2,query6,OK,0.260,1
duckdb_cpu,100,keyorder-delta-snappy,keyorder,delta,snappy,2,query7,OK,0.732,4
duckdb_cpu,100,keyorder-delta-snappy,keyorder,delta,snappy,2,query8,OK,0.927,2
duckdb_cpu,100,keyorder-delta-snappy,keyorder,delta,snappy,2,query9,OK,2.749,175
duckdb_cpu,100,keyorder-delta-snappy,keyorder,delta,snappy,2,query10,OK,0.931,20
duckdb_cpu,100,keyorder-delta-snappy,keyorder,delta,snappy,2,query11,OK,2.642,1706230
duckdb_cpu,100,keyorder-delta-snappy,keyorder,delta,snappy,2,query12,OK,0.806,2
duckdb_cpu,100,keyorder-delta-snappy,keyorder,delta,snappy,2,query13,OK,1.297,45
duckdb_cpu,100,keyorder-delta-snappy,keyorder,delta,snappy,2,query14,OK,0.575,1
duckdb_cpu,100,keyorder-delta-snappy,keyorder,delta,snappy,2,query15,OK,0.473,1
duckdb_cpu,100,keyorder-delta-snappy,keyorder,delta,snappy,2,query16,OK,0.682,27840
duckdb_cpu,100,keyorder-delta-snappy,keyorder,delta,snappy,2,query17,OK,0.792,1
duckdb_cpu,100,keyorder-delta-snappy,keyorder,delta,snappy,2,query18,OK,1.578,100
duckdb_cpu,100,keyorder-delta-snappy,keyorder,delta,snappy,2,query19,OK,1.438,1
duckdb_cpu,100,keyorder-delta-snappy,keyorder,delta,snappy,2,query20,OK,1.076,17971
duckdb_cpu,100,keyorder-delta-snappy,keyorder,delta,snappy,2,query21,OK,2.688,100
duckdb_cpu,100,keyorder-delta-snappy,keyorder,delta,snappy,2,query22,OK,0.893,7
duckdb_cpu,100,keyorder-delta-snappy,keyorder,delta,snappy,3,query1,OK,1.453,4
duckdb_cpu,100,keyorder-delta-snappy,keyorder,delta,snappy,3,query2,OK,0.778,100
duckdb_cpu,100,keyorder-delta-snappy,keyorder,delta,snappy,3,query3,OK,0.946,10
duckdb_cpu,100,keyorder-delta-snappy,keyorder,delta,snappy,3,query4,OK,0.683,5
duckdb_cpu,100,keyorder-delta-snappy,keyorder,delta,snappy,3,query5,OK,0.905,5
duckdb_cpu,100,keyorder-delta-snappy,keyorder,delta,snappy,3,query6,OK,0.248,1
duckdb_cpu,100,keyorder-delta-snappy,keyorder,delta,snappy,3,query7,OK,0.670,4
duckdb_cpu,100,keyorder-delta-snappy,keyorder,delta,snappy,3,query8,OK,0.975,2
duckdb_cpu,100,keyorder-delta-snappy,keyorder,delta,snappy,3,query9,OK,2.569,175
duckdb_cpu,100,keyorder-delta-snappy,keyorder,delta,snappy,3,query10,OK,0.920,20
duckdb_cpu,100,keyorder-delta-snappy,keyorder,delta,snappy,3,query11,OK,2.695,1706230
duckdb_cpu,100,keyorder-delta-snappy,keyorder,delta,snappy,3,query12,OK,0.776,2
duckdb_cpu,100,keyorder-delta-snappy,keyorder,delta,snappy,3,query13,OK,1.168,45
duckdb_cpu,100,keyorder-delta-snappy,keyorder,delta,snappy,3,query14,OK,0.551,1
duckdb_cpu,100,keyorder-delta-snappy,keyorder,delta,snappy,3,query15,OK,0.459,1
duckdb_cpu,100,keyorder-delta-snappy,keyorder,delta,snappy,3,query16,OK,0.509,27840
duckdb_cpu,100,keyorder-delta-snappy,keyorder,delta,snappy,3,query17,OK,0.819,1
duckdb_cpu,100,keyorder-delta-snappy,keyorder,delta,snappy,3,query18,OK,1.939,100
duckdb_cpu,100,keyorder-delta-snappy,keyorder,delta,snappy,3,query19,OK,1.468,1
duckdb_cpu,100,keyorder-delta-snappy,keyorder,delta,snappy,3,query20,OK,1.019,17971
duckdb_cpu,100,keyorder-delta-snappy,keyorder,delta,snappy,3,query21,OK,2.423,100
duckdb_cpu,100,keyorder-delta-snappy,keyorder,delta,snappy,3,query22,OK,0.750,7
duckdb_cpu,100,keyorder-dict-snappy,keyorder,dict,snappy,1,query1,OK,2.235,4
duckdb_cpu,100,keyorder-dict-snappy,keyorder,dict,snappy,1,query2,OK,0.786,100
duckdb_cpu,100,keyorder-dict-snappy,keyorder,dict,snappy,1,query3,OK,0.868,10
duckdb_cpu,100,keyorder-dict-snappy,keyorder,dict,snappy,1,query4,OK,0.728,5
duckdb_cpu,100,keyorder-dict-snappy,keyorder,dict,snappy,1,query5,OK,0.968,5
duckdb_cpu,100,keyorder-dict-snappy,keyorder,dict,snappy,1,query6,OK,0.266,1
duckdb_cpu,100,keyorder-dict-snappy,keyorder,dict,snappy,1,query7,OK,0.930,4
duckdb_cpu,100,keyorder-dict-snappy,keyorder,dict,snappy,1,query8,OK,1.061,2
duckdb_cpu,100,keyorder-dict-snappy,keyorder,dict,snappy,1,query9,OK,3.276,175
duckdb_cpu,100,keyorder-dict-snappy,keyorder,dict,snappy,1,query10,OK,0.817,20
duckdb_cpu,100,keyorder-dict-snappy,keyorder,dict,snappy,1,query11,OK,2.879,1706230
duckdb_cpu,100,keyorder-dict-snappy,keyorder,dict,snappy,1,query12,OK,0.575,2
duckdb_cpu,100,keyorder-dict-snappy,keyorder,dict,snappy,1,query13,OK,1.227,45
duckdb_cpu,100,keyorder-dict-snappy,keyorder,dict,snappy,1,query14,OK,0.609,1
duckdb_cpu,100,keyorder-dict-snappy,keyorder,dict,snappy,1,query15,OK,0.588,1
duckdb_cpu,100,keyorder-dict-snappy,keyorder,dict,snappy,1,query16,OK,0.583,27840
duckdb_cpu,100,keyorder-dict-snappy,keyorder,dict,snappy,1,query17,OK,1.184,1
duckdb_cpu,100,keyorder-dict-snappy,keyorder,dict,snappy,1,query18,OK,1.647,100
duckdb_cpu,100,keyorder-dict-snappy,keyorder,dict,snappy,1,query19,OK,1.143,1
duckdb_cpu,100,keyorder-dict-snappy,keyorder,dict,snappy,1,query20,OK,0.991,17971
duckdb_cpu,100,keyorder-dict-snappy,keyorder,dict,snappy,1,query21,OK,3.260,100
duckdb_cpu,100,keyorder-dict-snappy,keyorder,dict,snappy,1,query22,OK,0.477,7
duckdb_cpu,100,keyorder-dict-snappy,keyorder,dict,snappy,2,query1,OK,2.334,4
duckdb_cpu,100,keyorder-dict-snappy,keyorder,dict,snappy,2,query2,OK,0.878,100
duckdb_cpu,100,keyorder-dict-snappy,keyorder,dict,snappy,2,query3,OK,1.027,10
duckdb_cpu,100,keyorder-dict-snappy,keyorder,dict,snappy,2,query4,OK,0.741,5
duckdb_cpu,100,keyorder-dict-snappy,keyorder,dict,snappy,2,query5,OK,0.942,5
duckdb_cpu,100,keyorder-dict-snappy,keyorder,dict,snappy,2,query6,OK,0.263,1
duckdb_cpu,100,keyorder-dict-snappy,keyorder,dict,snappy,2,query7,OK,0.847,4
duckdb_cpu,100,keyorder-dict-snappy,keyorder,dict,snappy,2,query8,OK,1.142,2
duckdb_cpu,100,keyorder-dict-snappy,keyorder,dict,snappy,2,query9,OK,2.994,175
duckdb_cpu,100,keyorder-dict-snappy,keyorder,dict,snappy,2,query10,OK,0.744,20
duckdb_cpu,100,keyorder-dict-snappy,keyorder,dict,snappy,2,query11,OK,2.801,1706230
duckdb_cpu,100,keyorder-dict-snappy,keyorder,dict,snappy,2,query12,OK,0.495,2
duckdb_cpu,100,keyorder-dict-snappy,keyorder,dict,snappy,2,query13,OK,1.229,45
duckdb_cpu,100,keyorder-dict-snappy,keyorder,dict,snappy,2,query14,OK,0.570,1
duckdb_cpu,100,keyorder-dict-snappy,keyorder,dict,snappy,2,query15,OK,0.513,1
duckdb_cpu,100,keyorder-dict-snappy,keyorder,dict,snappy,2,query16,OK,0.876,27840
duckdb_cpu,100,keyorder-dict-snappy,keyorder,dict,snappy,2,query17,OK,1.043,1
duckdb_cpu,100,keyorder-dict-snappy,keyorder,dict,snappy,2,query18,OK,1.806,100
duckdb_cpu,100,keyorder-dict-snappy,keyorder,dict,snappy,2,query19,OK,0.935,1
duckdb_cpu,100,keyorder-dict-snappy,keyorder,dict,snappy,2,query20,OK,1.016,17971
duckdb_cpu,100,keyorder-dict-snappy,keyorder,dict,snappy,2,query21,OK,3.343,100
duckdb_cpu,100,keyorder-dict-snappy,keyorder,dict,snappy,2,query22,OK,0.511,7
duckdb_cpu,100,keyorder-dict-snappy,keyorder,dict,snappy,3,query1,OK,1.920,4
duckdb_cpu,100,keyorder-dict-snappy,keyorder,dict,snappy,3,query2,OK,0.747,100
duckdb_cpu,100,keyorder-dict-snappy,keyorder,dict,snappy,3,query3,OK,0.805,10
duckdb_cpu,100,keyorder-dict-snappy,keyorder,dict,snappy,3,query4,OK,0.692,5
duckdb_cpu,100,keyorder-dict-snappy,keyorder,dict,snappy,3,query5,OK,0.908,5
duckdb_cpu,100,keyorder-dict-snappy,keyorder,dict,snappy,3,query6,OK,0.272,1
duckdb_cpu,100,keyorder-dict-snappy,keyorder,dict,snappy,3,query7,OK,0.809,4
duckdb_cpu,100,keyorder-dict-snappy,keyorder,dict,snappy,3,query8,OK,0.990,2
duckdb_cpu,100,keyorder-dict-snappy,keyorder,dict,snappy,3,query9,OK,2.733,175
duckdb_cpu,100,keyorder-dict-snappy,keyorder,dict,snappy,3,query10,OK,0.741,20
duckdb_cpu,100,keyorder-dict-snappy,keyorder,dict,snappy,3,query11,OK,2.718,1706230
duckdb_cpu,100,keyorder-dict-snappy,keyorder,dict,snappy,3,query12,OK,0.493,2
duckdb_cpu,100,keyorder-dict-snappy,keyorder,dict,snappy,3,query13,OK,1.289,45
duckdb_cpu,100,keyorder-dict-snappy,keyorder,dict,snappy,3,query14,OK,0.567,1
duckdb_cpu,100,keyorder-dict-snappy,keyorder,dict,snappy,3,query15,OK,0.512,1
duckdb_cpu,100,keyorder-dict-snappy,keyorder,dict,snappy,3,query16,OK,0.506,27840
duckdb_cpu,100,keyorder-dict-snappy,keyorder,dict,snappy,3,query17,OK,0.893,1
duckdb_cpu,100,keyorder-dict-snappy,keyorder,dict,snappy,3,query18,OK,1.854,100
duckdb_cpu,100,keyorder-dict-snappy,keyorder,dict,snappy,3,query19,OK,1.059,1
duckdb_cpu,100,keyorder-dict-snappy,keyorder,dict,snappy,3,query20,OK,1.560,17971
duckdb_cpu,100,keyorder-dict-snappy,keyorder,dict,snappy,3,query21,OK,3.983,100
duckdb_cpu,100,keyorder-dict-snappy,keyorder,dict,snappy,3,query22,OK,1.635,7
duckdb_cpu,100,keyorder-plain-snappy,keyorder,plain,snappy,1,query1,OK,2.013,4
duckdb_cpu,100,keyorder-plain-snappy,keyorder,plain,snappy,1,query2,OK,0.849,100
duckdb_cpu,100,keyorder-plain-snappy,keyorder,plain,snappy,1,query3,OK,0.945,10
duckdb_cpu,100,keyorder-plain-snappy,keyorder,plain,snappy,1,query4,OK,0.972,5
duckdb_cpu,100,keyorder-plain-snappy,keyorder,plain,snappy,1,query5,OK,1.046,5
duckdb_cpu,100,keyorder-plain-snappy,keyorder,plain,snappy,1,query6,OK,0.338,1
duckdb_cpu,100,keyorder-plain-snappy,keyorder,plain,snappy,1,query7,OK,0.916,4
duckdb_cpu,100,keyorder-plain-snappy,keyorder,plain,snappy,1,query8,OK,1.147,2
duckdb_cpu,100,keyorder-plain-snappy,keyorder,plain,snappy,1,query9,OK,2.944,175
duckdb_cpu,100,keyorder-plain-snappy,keyorder,plain,snappy,1,query10,OK,0.866,20
duckdb_cpu,100,keyorder-plain-snappy,keyorder,plain,snappy,1,query11,OK,2.789,1706230
duckdb_cpu,100,keyorder-plain-snappy,keyorder,plain,snappy,1,query12,OK,0.736,2
duckdb_cpu,100,keyorder-plain-snappy,keyorder,plain,snappy,1,query13,OK,1.179,45
duckdb_cpu,100,keyorder-plain-snappy,keyorder,plain,snappy,1,query14,OK,0.662,1
duckdb_cpu,100,keyorder-plain-snappy,keyorder,plain,snappy,1,query15,OK,0.752,1
duckdb_cpu,100,keyorder-plain-snappy,keyorder,plain,snappy,1,query16,OK,0.665,27840
duckdb_cpu,100,keyorder-plain-snappy,keyorder,plain,snappy,1,query17,OK,0.898,1
duckdb_cpu,100,keyorder-plain-snappy,keyorder,plain,snappy,1,query18,OK,1.895,100
duckdb_cpu,100,keyorder-plain-snappy,keyorder,plain,snappy,1,query19,OK,1.273,1
duckdb_cpu,100,keyorder-plain-snappy,keyorder,plain,snappy,1,query20,OK,1.357,17971
duckdb_cpu,100,keyorder-plain-snappy,keyorder,plain,snappy,1,query21,OK,3.454,100
duckdb_cpu,100,keyorder-plain-snappy,keyorder,plain,snappy,1,query22,OK,0.815,7
duckdb_cpu,100,keyorder-plain-snappy,keyorder,plain,snappy,2,query1,OK,1.974,4
duckdb_cpu,100,keyorder-plain-snappy,keyorder,plain,snappy,2,query2,OK,0.896,100
duckdb_cpu,100,keyorder-plain-snappy,keyorder,plain,snappy,2,query3,OK,0.785,10
duckdb_cpu,100,keyorder-plain-snappy,keyorder,plain,snappy,2,query4,OK,0.778,5
duckdb_cpu,100,keyorder-plain-snappy,keyorder,plain,snappy,2,query5,OK,0.952,5
duckdb_cpu,100,keyorder-plain-snappy,keyorder,plain,snappy,2,query6,OK,0.312,1
duckdb_cpu,100,keyorder-plain-snappy,keyorder,plain,snappy,2,query7,OK,0.835,4
duckdb_cpu,100,keyorder-plain-snappy,keyorder,plain,snappy,2,query8,OK,1.117,2
duckdb_cpu,100,keyorder-plain-snappy,keyorder,plain,snappy,2,query9,OK,3.134,175
duckdb_cpu,100,keyorder-plain-snappy,keyorder,plain,snappy,2,query10,OK,0.810,20
duckdb_cpu,100,keyorder-plain-snappy,keyorder,plain,snappy,2,query11,OK,2.745,1706230
duckdb_cpu,100,keyorder-plain-snappy,keyorder,plain,snappy,2,query12,OK,0.666,2
duckdb_cpu,100,keyorder-plain-snappy,keyorder,plain,snappy,2,query13,OK,1.241,45
duckdb_cpu,100,keyorder-plain-snappy,keyorder,plain,snappy,2,query14,OK,0.679,1
duckdb_cpu,100,keyorder-plain-snappy,keyorder,plain,snappy,2,query15,OK,0.630,1
duckdb_cpu,100,keyorder-plain-snappy,keyorder,plain,snappy,2,query16,OK,0.677,27840
duckdb_cpu,100,keyorder-plain-snappy,keyorder,plain,snappy,2,query17,OK,1.028,1
duckdb_cpu,100,keyorder-plain-snappy,keyorder,plain,snappy,2,query18,OK,2.333,100
duckdb_cpu,100,keyorder-plain-snappy,keyorder,plain,snappy,2,query19,OK,1.453,1
duckdb_cpu,100,keyorder-plain-snappy,keyorder,plain,snappy,2,query20,OK,1.266,17971
duckdb_cpu,100,keyorder-plain-snappy,keyorder,plain,snappy,2,query21,OK,3.073,100
duckdb_cpu,100,keyorder-plain-snappy,keyorder,plain,snappy,2,query22,OK,1.444,7
duckdb_cpu,100,keyorder-plain-snappy,keyorder,plain,snappy,3,query1,OK,1.552,4
duckdb_cpu,100,keyorder-plain-snappy,keyorder,plain,snappy,3,query2,OK,0.867,100
duckdb_cpu,100,keyorder-plain-snappy,keyorder,plain,snappy,3,query3,OK,0.833,10
duckdb_cpu,100,keyorder-plain-snappy,keyorder,plain,snappy,3,query4,OK,0.815,5
duckdb_cpu,100,keyorder-plain-snappy,keyorder,plain,snappy,3,query5,OK,0.961,5
duckdb_cpu,100,keyorder-plain-snappy,keyorder,plain,snappy,3,query6,OK,0.328,1
duckdb_cpu,100,keyorder-plain-snappy,keyorder,plain,snappy,3,query7,OK,0.847,4
duckdb_cpu,100,keyorder-plain-snappy,keyorder,plain,snappy,3,query8,OK,1.061,2
duckdb_cpu,100,keyorder-plain-snappy,keyorder,plain,snappy,3,query9,OK,2.602,175
duckdb_cpu,100,keyorder-plain-snappy,keyorder,plain,snappy,3,query10,OK,0.856,20
duckdb_cpu,100,keyorder-plain-snappy,keyorder,plain,snappy,3,query11,OK,2.792,1706230
duckdb_cpu,100,keyorder-plain-snappy,keyorder,plain,snappy,3,query12,OK,0.629,2
duckdb_cpu,100,keyorder-plain-snappy,keyorder,plain,snappy,3,query13,OK,1.170,45
duckdb_cpu,100,keyorder-plain-snappy,keyorder,plain,snappy,3,query14,OK,0.583,1
duckdb_cpu,100,keyorder-plain-snappy,keyorder,plain,snappy,3,query15,OK,0.724,1
duckdb_cpu,100,keyorder-plain-snappy,keyorder,plain,snappy,3,query16,OK,0.681,27840
duckdb_cpu,100,keyorder-plain-snappy,keyorder,plain,snappy,3,query17,OK,0.846,1
duckdb_cpu,100,keyorder-plain-snappy,keyorder,plain,snappy,3,query18,OK,1.698,100
duckdb_cpu,100,keyorder-plain-snappy,keyorder,plain,snappy,3,query19,OK,1.275,1
duckdb_cpu,100,keyorder-plain-snappy,keyorder,plain,snappy,3,query20,OK,0.809,17971
duckdb_cpu,100,keyorder-plain-snappy,keyorder,plain,snappy,3,query21,OK,2.748,100
duckdb_cpu,100,keyorder-plain-snappy,keyorder,plain,snappy,3,query22,OK,1.090,7
duckdb_cpu,100,shuffle-delta-lz4raw,shuffle,delta,lz4raw,1,query1,OK,1.727,4
duckdb_cpu,100,shuffle-delta-lz4raw,shuffle,delta,lz4raw,1,query2,OK,0.866,100
duckdb_cpu,100,shuffle-delta-lz4raw,shuffle,delta,lz4raw,1,query3,OK,0.652,10
duckdb_cpu,100,shuffle-delta-lz4raw,shuffle,delta,lz4raw,1,query4,OK,0.736,5
duckdb_cpu,100,shuffle-delta-lz4raw,shuffle,delta,lz4raw,1,query5,OK,0.835,5
duckdb_cpu,100,shuffle-delta-lz4raw,shuffle,delta,lz4raw,1,query6,OK,0.233,1
duckdb_cpu,100,shuffle-delta-lz4raw,shuffle,delta,lz4raw,1,query7,OK,0.648,4
duckdb_cpu,100,shuffle-delta-lz4raw,shuffle,delta,lz4raw,1,query8,OK,0.888,2
duckdb_cpu,100,shuffle-delta-lz4raw,shuffle,delta,lz4raw,1,query9,OK,2.837,175
duckdb_cpu,100,shuffle-delta-lz4raw,shuffle,delta,lz4raw,1,query10,OK,0.849,20
duckdb_cpu,100,shuffle-delta-lz4raw,shuffle,delta,lz4raw,1,query11,OK,2.847,1706230
duckdb_cpu,100,shuffle-delta-lz4raw,shuffle,delta,lz4raw,1,query12,OK,0.771,2
duckdb_cpu,100,shuffle-delta-lz4raw,shuffle,delta,lz4raw,1,query13,OK,1.228,45
duckdb_cpu,100,shuffle-delta-lz4raw,shuffle,delta,lz4raw,1,query14,OK,0.582,1
duckdb_cpu,100,shuffle-delta-lz4raw,shuffle,delta,lz4raw,1,query15,OK,0.648,1
duckdb_cpu,100,shuffle-delta-lz4raw,shuffle,delta,lz4raw,1,query16,OK,0.796,27840
duckdb_cpu,100,shuffle-delta-lz4raw,shuffle,delta,lz4raw,1,query17,OK,0.717,1
duckdb_cpu,100,shuffle-delta-lz4raw,shuffle,delta,lz4raw,1,query18,OK,5.091,100
duckdb_cpu,100,shuffle-delta-lz4raw,shuffle,delta,lz4raw,1,query19,OK,1.701,1
duckdb_cpu,100,shuffle-delta-lz4raw,shuffle,delta,lz4raw,1,query20,OK,0.922,17971
duckdb_cpu,100,shuffle-delta-lz4raw,shuffle,delta,lz4raw,1,query21,OK,3.143,100
duckdb_cpu,100,shuffle-delta-lz4raw,shuffle,delta,lz4raw,1,query22,OK,0.731,7
duckdb_cpu,100,shuffle-delta-lz4raw,shuffle,delta,lz4raw,2,query1,OK,1.654,4
duckdb_cpu,100,shuffle-delta-lz4raw,shuffle,delta,lz4raw,2,query2,OK,0.809,100
duckdb_cpu,100,shuffle-delta-lz4raw,shuffle,delta,lz4raw,2,query3,OK,0.945,10
duckdb_cpu,100,shuffle-delta-lz4raw,shuffle,delta,lz4raw,2,query4,OK,0.932,5
duckdb_cpu,100,shuffle-delta-lz4raw,shuffle,delta,lz4raw,2,query5,OK,0.953,5
duckdb_cpu,100,shuffle-delta-lz4raw,shuffle,delta,lz4raw,2,query6,OK,0.229,1
duckdb_cpu,100,shuffle-delta-lz4raw,shuffle,delta,lz4raw,2,query7,OK,0.728,4
duckdb_cpu,100,shuffle-delta-lz4raw,shuffle,delta,lz4raw,2,query8,OK,1.106,2
duckdb_cpu,100,shuffle-delta-lz4raw,shuffle,delta,lz4raw,2,query9,OK,2.763,175
duckdb_cpu,100,shuffle-delta-lz4raw,shuffle,delta,lz4raw,2,query10,OK,0.867,20
duckdb_cpu,100,shuffle-delta-lz4raw,shuffle,delta,lz4raw,2,query11,OK,2.769,1706230
duckdb_cpu,100,shuffle-delta-lz4raw,shuffle,delta,lz4raw,2,query12,OK,0.842,2
duckdb_cpu,100,shuffle-delta-lz4raw,shuffle,delta,lz4raw,2,query13,OK,1.216,45
duckdb_cpu,100,shuffle-delta-lz4raw,shuffle,delta,lz4raw,2,query14,OK,0.550,1
duckdb_cpu,100,shuffle-delta-lz4raw,shuffle,delta,lz4raw,2,query15,OK,0.505,1
duckdb_cpu,100,shuffle-delta-lz4raw,shuffle,delta,lz4raw,2,query16,OK,0.510,27840
duckdb_cpu,100,shuffle-delta-lz4raw,shuffle,delta,lz4raw,2,query17,OK,0.921,1
duckdb_cpu,100,shuffle-delta-lz4raw,shuffle,delta,lz4raw,2,query18,OK,3.656,100
duckdb_cpu,100,shuffle-delta-lz4raw,shuffle,delta,lz4raw,2,query19,OK,1.791,1
duckdb_cpu,100,shuffle-delta-lz4raw,shuffle,delta,lz4raw,2,query20,OK,0.944,17971
duckdb_cpu,100,shuffle-delta-lz4raw,shuffle,delta,lz4raw,2,query21,OK,3.120,100
duckdb_cpu,100,shuffle-delta-lz4raw,shuffle,delta,lz4raw,2,query22,OK,0.919,7
duckdb_cpu,100,shuffle-delta-lz4raw,shuffle,delta,lz4raw,3,query1,OK,1.366,4
duckdb_cpu,100,shuffle-delta-lz4raw,shuffle,delta,lz4raw,3,query2,OK,0.753,100
duckdb_cpu,100,shuffle-delta-lz4raw,shuffle,delta,lz4raw,3,query3,OK,0.622,10
duckdb_cpu,100,shuffle-delta-lz4raw,shuffle,delta,lz4raw,3,query4,OK,0.777,5
duckdb_cpu,100,shuffle-delta-lz4raw,shuffle,delta,lz4raw,3,query5,OK,0.742,5
duckdb_cpu,100,shuffle-delta-lz4raw,shuffle,delta,lz4raw,3,query6,OK,0.227,1
duckdb_cpu,100,shuffle-delta-lz4raw,shuffle,delta,lz4raw,3,query7,OK,0.657,4
duckdb_cpu,100,shuffle-delta-lz4raw,shuffle,delta,lz4raw,3,query8,OK,0.831,2
duckdb_cpu,100,shuffle-delta-lz4raw,shuffle,delta,lz4raw,3,query9,OK,2.578,175
duckdb_cpu,100,shuffle-delta-lz4raw,shuffle,delta,lz4raw,3,query10,OK,0.865,20
duckdb_cpu,100,shuffle-delta-lz4raw,shuffle,delta,lz4raw,3,query11,OK,2.719,1706230
duckdb_cpu,100,shuffle-delta-lz4raw,shuffle,delta,lz4raw,3,query12,OK,0.770,2
duckdb_cpu,100,shuffle-delta-lz4raw,shuffle,delta,lz4raw,3,query13,OK,1.125,45
duckdb_cpu,100,shuffle-delta-lz4raw,shuffle,delta,lz4raw,3,query14,OK,0.537,1
duckdb_cpu,100,shuffle-delta-lz4raw,shuffle,delta,lz4raw,3,query15,OK,0.472,1
duckdb_cpu,100,shuffle-delta-lz4raw,shuffle,delta,lz4raw,3,query16,OK,0.539,27840
duckdb_cpu,100,shuffle-delta-lz4raw,shuffle,delta,lz4raw,3,query17,OK,0.823,1
duckdb_cpu,100,shuffle-delta-lz4raw,shuffle,delta,lz4raw,3,query18,OK,4.112,100
duckdb_cpu,100,shuffle-delta-lz4raw,shuffle,delta,lz4raw,3,query19,OK,1.787,1
duckdb_cpu,100,shuffle-delta-lz4raw,shuffle,delta,lz4raw,3,query20,OK,1.343,17971
duckdb_cpu,100,shuffle-delta-lz4raw,shuffle,delta,lz4raw,3,query21,OK,3.486,100
duckdb_cpu,100,shuffle-delta-lz4raw,shuffle,delta,lz4raw,3,query22,OK,0.604,7
duckdb_cpu,100,shuffle-delta-snappy,shuffle,delta,snappy,1,query1,OK,1.653,4
duckdb_cpu,100,shuffle-delta-snappy,shuffle,delta,snappy,1,query2,OK,0.870,100
duckdb_cpu,100,shuffle-delta-snappy,shuffle,delta,snappy,1,query3,OK,0.738,10
duckdb_cpu,100,shuffle-delta-snappy,shuffle,delta,snappy,1,query4,OK,0.768,5
duckdb_cpu,100,shuffle-delta-snappy,shuffle,delta,snappy,1,query5,OK,0.742,5
duckdb_cpu,100,shuffle-delta-snappy,shuffle,delta,snappy,1,query6,OK,0.212,1
duckdb_cpu,100,shuffle-delta-snappy,shuffle,delta,snappy,1,query7,OK,0.610,4
duckdb_cpu,100,shuffle-delta-snappy,shuffle,delta,snappy,1,query8,OK,0.917,2
duckdb_cpu,100,shuffle-delta-snappy,shuffle,delta,snappy,1,query9,OK,2.581,175
duckdb_cpu,100,shuffle-delta-snappy,shuffle,delta,snappy,1,query10,OK,1.000,20
duckdb_cpu,100,shuffle-delta-snappy,shuffle,delta,snappy,1,query11,OK,2.822,1706230
duckdb_cpu,100,shuffle-delta-snappy,shuffle,delta,snappy,1,query12,OK,0.863,2
duckdb_cpu,100,shuffle-delta-snappy,shuffle,delta,snappy,1,query13,OK,1.308,45
duckdb_cpu,100,shuffle-delta-snappy,shuffle,delta,snappy,1,query14,OK,0.582,1
duckdb_cpu,100,shuffle-delta-snappy,shuffle,delta,snappy,1,query15,OK,0.628,1
duckdb_cpu,100,shuffle-delta-snappy,shuffle,delta,snappy,1,query16,OK,0.909,27840
duckdb_cpu,100,shuffle-delta-snappy,shuffle,delta,snappy,1,query17,OK,0.984,1
duckdb_cpu,100,shuffle-delta-snappy,shuffle,delta,snappy,1,query18,OK,4.042,100
duckdb_cpu,100,shuffle-delta-snappy,shuffle,delta,snappy,1,query19,OK,2.073,1
duckdb_cpu,100,shuffle-delta-snappy,shuffle,delta,snappy,1,query20,OK,1.109,17971
duckdb_cpu,100,shuffle-delta-snappy,shuffle,delta,snappy,1,query21,OK,2.830,100
duckdb_cpu,100,shuffle-delta-snappy,shuffle,delta,snappy,1,query22,OK,0.420,7
duckdb_cpu,100,shuffle-delta-snappy,shuffle,delta,snappy,2,query1,OK,1.633,4
duckdb_cpu,100,shuffle-delta-snappy,shuffle,delta,snappy,2,query2,OK,0.854,100
duckdb_cpu,100,shuffle-delta-snappy,shuffle,delta,snappy,2,query3,OK,0.692,10
duckdb_cpu,100,shuffle-delta-snappy,shuffle,delta,snappy,2,query4,OK,0.821,5
duckdb_cpu,100,shuffle-delta-snappy,shuffle,delta,snappy,2,query5,OK,0.803,5
duckdb_cpu,100,shuffle-delta-snappy,shuffle,delta,snappy,2,query6,OK,0.233,1
duckdb_cpu,100,shuffle-delta-snappy,shuffle,delta,snappy,2,query7,OK,0.704,4
duckdb_cpu,100,shuffle-delta-snappy,shuffle,delta,snappy,2,query8,OK,0.924,2
duckdb_cpu,100,shuffle-delta-snappy,shuffle,delta,snappy,2,query9,OK,2.802,175
duckdb_cpu,100,shuffle-delta-snappy,shuffle,delta,snappy,2,query10,OK,0.876,20
duckdb_cpu,100,shuffle-delta-snappy,shuffle,delta,snappy,2,query11,OK,2.797,1706230
duckdb_cpu,100,shuffle-delta-snappy,shuffle,delta,snappy,2,query12,OK,0.824,2
duckdb_cpu,100,shuffle-delta-snappy,shuffle,delta,snappy,2,query13,OK,1.239,45
duckdb_cpu,100,shuffle-delta-snappy,shuffle,delta,snappy,2,query14,OK,0.635,1
duckdb_cpu,100,shuffle-delta-snappy,shuffle,delta,snappy,2,query15,OK,0.520,1
duckdb_cpu,100,shuffle-delta-snappy,shuffle,delta,snappy,2,query16,OK,0.866,27840
duckdb_cpu,100,shuffle-delta-snappy,shuffle,delta,snappy,2,query17,OK,0.888,1
duckdb_cpu,100,shuffle-delta-snappy,shuffle,delta,snappy,2,query18,OK,12.441,100
duckdb_cpu,100,shuffle-delta-snappy,shuffle,delta,snappy,2,query19,OK,2.815,1
duckdb_cpu,100,shuffle-delta-snappy,shuffle,delta,snappy,2,query20,OK,0.902,17971
duckdb_cpu,100,shuffle-delta-snappy,shuffle,delta,snappy,2,query21,OK,3.401,100
duckdb_cpu,100,shuffle-delta-snappy,shuffle,delta,snappy,2,query22,OK,1.379,7
duckdb_cpu,100,shuffle-delta-snappy,shuffle,delta,snappy,3,query1,OK,1.325,4
duckdb_cpu,100,shuffle-delta-snappy,shuffle,delta,snappy,3,query2,OK,0.692,100
duckdb_cpu,100,shuffle-delta-snappy,shuffle,delta,snappy,3,query3,OK,0.628,10
duckdb_cpu,100,shuffle-delta-snappy,shuffle,delta,snappy,3,query4,OK,1.050,5
duckdb_cpu,100,shuffle-delta-snappy,shuffle,delta,snappy,3,query5,OK,0.774,5
duckdb_cpu,100,shuffle-delta-snappy,shuffle,delta,snappy,3,query6,OK,0.221,1
duckdb_cpu,100,shuffle-delta-snappy,shuffle,delta,snappy,3,query7,OK,0.656,4
duckdb_cpu,100,shuffle-delta-snappy,shuffle,delta,snappy,3,query8,OK,0.879,2
duckdb_cpu,100,shuffle-delta-snappy,shuffle,delta,snappy,3,query9,OK,2.708,175
duckdb_cpu,100,shuffle-delta-snappy,shuffle,delta,snappy,3,query10,OK,0.926,20
duckdb_cpu,100,shuffle-delta-snappy,shuffle,delta,snappy,3,query11,OK,2.776,1706230
duckdb_cpu,100,shuffle-delta-snappy,shuffle,delta,snappy,3,query12,OK,0.771,2
duckdb_cpu,100,shuffle-delta-snappy,shuffle,delta,snappy,3,query13,OK,1.176,45
duckdb_cpu,100,shuffle-delta-snappy,shuffle,delta,snappy,3,query14,OK,0.520,1
duckdb_cpu,100,shuffle-delta-snappy,shuffle,delta,snappy,3,query15,OK,0.637,1
duckdb_cpu,100,shuffle-delta-snappy,shuffle,delta,snappy,3,query16,OK,0.635,27840
duckdb_cpu,100,shuffle-delta-snappy,shuffle,delta,snappy,3,query17,OK,1.009,1
duckdb_cpu,100,shuffle-delta-snappy,shuffle,delta,snappy,3,query18,OK,4.068,100
duckdb_cpu,100,shuffle-delta-snappy,shuffle,delta,snappy,3,query19,OK,2.264,1
duckdb_cpu,100,shuffle-delta-snappy,shuffle,delta,snappy,3,query20,OK,0.972,17971
duckdb_cpu,100,shuffle-delta-snappy,shuffle,delta,snappy,3,query21,OK,3.489,100
duckdb_cpu,100,shuffle-delta-snappy,shuffle,delta,snappy,3,query22,OK,0.855,7
duckdb_cpu,100,shuffle-delta-zstd,shuffle,delta,zstd,1,query1,OK,1.494,4
duckdb_cpu,100,shuffle-delta-zstd,shuffle,delta,zstd,1,query2,OK,0.707,100
duckdb_cpu,100,shuffle-delta-zstd,shuffle,delta,zstd,1,query3,OK,0.638,10
duckdb_cpu,100,shuffle-delta-zstd,shuffle,delta,zstd,1,query4,OK,0.640,5
duckdb_cpu,100,shuffle-delta-zstd,shuffle,delta,zstd,1,query5,OK,0.759,5
duckdb_cpu,100,shuffle-delta-zstd,shuffle,delta,zstd,1,query6,OK,0.189,1
duckdb_cpu,100,shuffle-delta-zstd,shuffle,delta,zstd,1,query7,OK,0.675,4
duckdb_cpu,100,shuffle-delta-zstd,shuffle,delta,zstd,1,query8,OK,1.084,2
duckdb_cpu,100,shuffle-delta-zstd,shuffle,delta,zstd,1,query9,OK,2.658,175
duckdb_cpu,100,shuffle-delta-zstd,shuffle,delta,zstd,1,query10,OK,0.906,20
duckdb_cpu,100,shuffle-delta-zstd,shuffle,delta,zstd,1,query11,OK,2.824,1706230
duckdb_cpu,100,shuffle-delta-zstd,shuffle,delta,zstd,1,query12,OK,0.767,2
duckdb_cpu,100,shuffle-delta-zstd,shuffle,delta,zstd,1,query13,OK,1.149,45
duckdb_cpu,100,shuffle-delta-zstd,shuffle,delta,zstd,1,query14,OK,0.513,1
duckdb_cpu,100,shuffle-delta-zstd,shuffle,delta,zstd,1,query15,OK,0.437,1
duckdb_cpu,100,shuffle-delta-zstd,shuffle,delta,zstd,1,query16,OK,0.516,27840
duckdb_cpu,100,shuffle-delta-zstd,shuffle,delta,zstd,1,query17,OK,0.759,1
duckdb_cpu,100,shuffle-delta-zstd,shuffle,delta,zstd,1,query18,OK,3.195,100
duckdb_cpu,100,shuffle-delta-zstd,shuffle,delta,zstd,1,query19,OK,1.944,1
duckdb_cpu,100,shuffle-delta-zstd,shuffle,delta,zstd,1,query20,OK,0.995,17971
duckdb_cpu,100,shuffle-delta-zstd,shuffle,delta,zstd,1,query21,OK,3.307,100
duckdb_cpu,100,shuffle-delta-zstd,shuffle,delta,zstd,1,query22,OK,0.941,7
duckdb_cpu,100,shuffle-delta-zstd,shuffle,delta,zstd,2,query1,OK,1.987,4
duckdb_cpu,100,shuffle-delta-zstd,shuffle,delta,zstd,2,query2,OK,0.840,100
duckdb_cpu,100,shuffle-delta-zstd,shuffle,delta,zstd,2,query3,OK,0.786,10
duckdb_cpu,100,shuffle-delta-zstd,shuffle,delta,zstd,2,query4,OK,0.788,5
duckdb_cpu,100,shuffle-delta-zstd,shuffle,delta,zstd,2,query5,OK,0.795,5
duckdb_cpu,100,shuffle-delta-zstd,shuffle,delta,zstd,2,query6,OK,0.199,1
duckdb_cpu,100,shuffle-delta-zstd,shuffle,delta,zstd,2,query7,OK,0.662,4
duckdb_cpu,100,shuffle-delta-zstd,shuffle,delta,zstd,2,query8,OK,0.858,2
duckdb_cpu,100,shuffle-delta-zstd,shuffle,delta,zstd,2,query9,OK,2.560,175
duckdb_cpu,100,shuffle-delta-zstd,shuffle,delta,zstd,2,query10,OK,0.855,20
duckdb_cpu,100,shuffle-delta-zstd,shuffle,delta,zstd,2,query11,OK,2.776,1706230
duckdb_cpu,100,shuffle-delta-zstd,shuffle,delta,zstd,2,query12,OK,0.781,2
duckdb_cpu,100,shuffle-delta-zstd,shuffle,delta,zstd,2,query13,OK,1.199,45
duckdb_cpu,100,shuffle-delta-zstd,shuffle,delta,zstd,2,query14,OK,0.538,1
duckdb_cpu,100,shuffle-delta-zstd,shuffle,delta,zstd,2,query15,OK,0.603,1
duckdb_cpu,100,shuffle-delta-zstd,shuffle,delta,zstd,2,query16,OK,0.702,27840
duckdb_cpu,100,shuffle-delta-zstd,shuffle,delta,zstd,2,query17,OK,0.806,1
duckdb_cpu,100,shuffle-delta-zstd,shuffle,delta,zstd,2,query18,OK,4.693,100
duckdb_cpu,100,shuffle-delta-zstd,shuffle,delta,zstd,2,query19,OK,1.217,1
duckdb_cpu,100,shuffle-delta-zstd,shuffle,delta,zstd,2,query20,OK,0.970,17971
duckdb_cpu,100,shuffle-delta-zstd,shuffle,delta,zstd,2,query21,OK,3.367,100
duckdb_cpu,100,shuffle-delta-zstd,shuffle,delta,zstd,2,query22,OK,0.904,7
duckdb_cpu,100,shuffle-delta-zstd,shuffle,delta,zstd,3,query1,OK,1.417,4
duckdb_cpu,100,shuffle-delta-zstd,shuffle,delta,zstd,3,query2,OK,0.724,100
duckdb_cpu,100,shuffle-delta-zstd,shuffle,delta,zstd,3,query3,OK,0.687,10
duckdb_cpu,100,shuffle-delta-zstd,shuffle,delta,zstd,3,query4,OK,0.632,5
duckdb_cpu,100,shuffle-delta-zstd,shuffle,delta,zstd,3,query5,OK,0.719,5
duckdb_cpu,100,shuffle-delta-zstd,shuffle,delta,zstd,3,query6,OK,0.193,1
duckdb_cpu,100,shuffle-delta-zstd,shuffle,delta,zstd,3,query7,OK,0.732,4
duckdb_cpu,100,shuffle-delta-zstd,shuffle,delta,zstd,3,query8,OK,0.871,2
duckdb_cpu,100,shuffle-delta-zstd,shuffle,delta,zstd,3,query9,OK,2.614,175
duckdb_cpu,100,shuffle-delta-zstd,shuffle,delta,zstd,3,query10,OK,0.857,20
duckdb_cpu,100,shuffle-delta-zstd,shuffle,delta,zstd,3,query11,OK,2.923,1706230
duckdb_cpu,100,shuffle-delta-zstd,shuffle,delta,zstd,3,query12,OK,0.750,2
duckdb_cpu,100,shuffle-delta-zstd,shuffle,delta,zstd,3,query13,OK,1.215,45
duckdb_cpu,100,shuffle-delta-zstd,shuffle,delta,zstd,3,query14,OK,0.460,1
duckdb_cpu,100,shuffle-delta-zstd,shuffle,delta,zstd,3,query15,OK,0.480,1
duckdb_cpu,100,shuffle-delta-zstd,shuffle,delta,zstd,3,query16,OK,0.579,27840
duckdb_cpu,100,shuffle-delta-zstd,shuffle,delta,zstd,3,query17,OK,0.749,1
duckdb_cpu,100,shuffle-delta-zstd,shuffle,delta,zstd,3,query18,OK,4.118,100
duckdb_cpu,100,shuffle-delta-zstd,shuffle,delta,zstd,3,query19,OK,2.086,1
duckdb_cpu,100,shuffle-delta-zstd,shuffle,delta,zstd,3,query20,OK,0.960,17971
duckdb_cpu,100,shuffle-delta-zstd,shuffle,delta,zstd,3,query21,OK,3.278,100
duckdb_cpu,100,shuffle-delta-zstd,shuffle,delta,zstd,3,query22,OK,0.881,7
duckdb_cpu,100,shuffle-dict-lz4raw,shuffle,dict,lz4raw,1,query1,OK,1.520,4
duckdb_cpu,100,shuffle-dict-lz4raw,shuffle,dict,lz4raw,1,query2,OK,0.696,100
duckdb_cpu,100,shuffle-dict-lz4raw,shuffle,dict,lz4raw,1,query3,OK,0.718,10
duckdb_cpu,100,shuffle-dict-lz4raw,shuffle,dict,lz4raw,1,query4,OK,0.648,5
duckdb_cpu,100,shuffle-dict-lz4raw,shuffle,dict,lz4raw,1,query5,OK,0.913,5
duckdb_cpu,100,shuffle-dict-lz4raw,shuffle,dict,lz4raw,1,query6,OK,0.234,1
duckdb_cpu,100,shuffle-dict-lz4raw,shuffle,dict,lz4raw,1,query7,OK,0.721,4
duckdb_cpu,100,shuffle-dict-lz4raw,shuffle,dict,lz4raw,1,query8,OK,0.865,2
duckdb_cpu,100,shuffle-dict-lz4raw,shuffle,dict,lz4raw,1,query9,OK,2.609,175
duckdb_cpu,100,shuffle-dict-lz4raw,shuffle,dict,lz4raw,1,query10,OK,0.747,20
duckdb_cpu,100,shuffle-dict-lz4raw,shuffle,dict,lz4raw,1,query11,OK,2.731,1706230
duckdb_cpu,100,shuffle-dict-lz4raw,shuffle,dict,lz4raw,1,query12,OK,0.484,2
duckdb_cpu,100,shuffle-dict-lz4raw,shuffle,dict,lz4raw,1,query13,OK,1.143,45
duckdb_cpu,100,shuffle-dict-lz4raw,shuffle,dict,lz4raw,1,query14,OK,0.517,1
duckdb_cpu,100,shuffle-dict-lz4raw,shuffle,dict,lz4raw,1,query15,OK,0.832,1
duckdb_cpu,100,shuffle-dict-lz4raw,shuffle,dict,lz4raw,1,query16,OK,0.621,27840
duckdb_cpu,100,shuffle-dict-lz4raw,shuffle,dict,lz4raw,1,query17,OK,0.845,1
duckdb_cpu,100,shuffle-dict-lz4raw,shuffle,dict,lz4raw,1,query18,OK,3.474,100
duckdb_cpu,100,shuffle-dict-lz4raw,shuffle,dict,lz4raw,1,query19,OK,1.515,1
duckdb_cpu,100,shuffle-dict-lz4raw,shuffle,dict,lz4raw,1,query20,OK,1.224,17971
duckdb_cpu,100,shuffle-dict-lz4raw,shuffle,dict,lz4raw,1,query21,OK,3.741,100
duckdb_cpu,100,shuffle-dict-lz4raw,shuffle,dict,lz4raw,1,query22,OK,1.174,7
duckdb_cpu,100,shuffle-dict-lz4raw,shuffle,dict,lz4raw,2,query1,OK,2.150,4
duckdb_cpu,100,shuffle-dict-lz4raw,shuffle,dict,lz4raw,2,query2,OK,0.802,100
duckdb_cpu,100,shuffle-dict-lz4raw,shuffle,dict,lz4raw,2,query3,OK,0.836,10
duckdb_cpu,100,shuffle-dict-lz4raw,shuffle,dict,lz4raw,2,query4,OK,0.793,5
duckdb_cpu,100,shuffle-dict-lz4raw,shuffle,dict,lz4raw,2,query5,OK,0.934,5
duckdb_cpu,100,shuffle-dict-lz4raw,shuffle,dict,lz4raw,2,query6,OK,0.242,1
duckdb_cpu,100,shuffle-dict-lz4raw,shuffle,dict,lz4raw,2,query7,OK,0.785,4
duckdb_cpu,100,shuffle-dict-lz4raw,shuffle,dict,lz4raw,2,query8,OK,0.952,2
duckdb_cpu,100,shuffle-dict-lz4raw,shuffle,dict,lz4raw,2,query9,OK,2.735,175
duckdb_cpu,100,shuffle-dict-lz4raw,shuffle,dict,lz4raw,2,query10,OK,0.796,20
duckdb_cpu,100,shuffle-dict-lz4raw,shuffle,dict,lz4raw,2,query11,OK,2.832,1706230
duckdb_cpu,100,shuffle-dict-lz4raw,shuffle,dict,lz4raw,2,query12,OK,0.551,2
duckdb_cpu,100,shuffle-dict-lz4raw,shuffle,dict,lz4raw,2,query13,OK,1.274,45
duckdb_cpu,100,shuffle-dict-lz4raw,shuffle,dict,lz4raw,2,query14,OK,0.554,1
duckdb_cpu,100,shuffle-dict-lz4raw,shuffle,dict,lz4raw,2,query15,OK,0.497,1
duckdb_cpu,100,shuffle-dict-lz4raw,shuffle,dict,lz4raw,2,query16,OK,0.520,27840
duckdb_cpu,100,shuffle-dict-lz4raw,shuffle,dict,lz4raw,2,query17,OK,0.812,1
duckdb_cpu,100,shuffle-dict-lz4raw,shuffle,dict,lz4raw,2,query18,OK,3.647,100
duckdb_cpu,100,shuffle-dict-lz4raw,shuffle,dict,lz4raw,2,query19,OK,1.808,1
duckdb_cpu,100,shuffle-dict-lz4raw,shuffle,dict,lz4raw,2,query20,OK,1.289,17971
duckdb_cpu,100,shuffle-dict-lz4raw,shuffle,dict,lz4raw,2,query21,OK,3.336,100
duckdb_cpu,100,shuffle-dict-lz4raw,shuffle,dict,lz4raw,2,query22,OK,0.424,7
duckdb_cpu,100,shuffle-dict-lz4raw,shuffle,dict,lz4raw,3,query1,OK,1.597,4
duckdb_cpu,100,shuffle-dict-lz4raw,shuffle,dict,lz4raw,3,query2,OK,0.728,100
duckdb_cpu,100,shuffle-dict-lz4raw,shuffle,dict,lz4raw,3,query3,OK,0.839,10
duckdb_cpu,100,shuffle-dict-lz4raw,shuffle,dict,lz4raw,3,query4,OK,0.649,5
duckdb_cpu,100,shuffle-dict-lz4raw,shuffle,dict,lz4raw,3,query5,OK,1.002,5
duckdb_cpu,100,shuffle-dict-lz4raw,shuffle,dict,lz4raw,3,query6,OK,0.249,1
duckdb_cpu,100,shuffle-dict-lz4raw,shuffle,dict,lz4raw,3,query7,OK,0.732,4
duckdb_cpu,100,shuffle-dict-lz4raw,shuffle,dict,lz4raw,3,query8,OK,0.920,2
duckdb_cpu,100,shuffle-dict-lz4raw,shuffle,dict,lz4raw,3,query9,OK,2.493,175
duckdb_cpu,100,shuffle-dict-lz4raw,shuffle,dict,lz4raw,3,query10,OK,0.689,20
duckdb_cpu,100,shuffle-dict-lz4raw,shuffle,dict,lz4raw,3,query11,OK,2.801,1706230
duckdb_cpu,100,shuffle-dict-lz4raw,shuffle,dict,lz4raw,3,query12,OK,0.495,2
duckdb_cpu,100,shuffle-dict-lz4raw,shuffle,dict,lz4raw,3,query13,OK,1.162,45
duckdb_cpu,100,shuffle-dict-lz4raw,shuffle,dict,lz4raw,3,query14,OK,0.519,1
duckdb_cpu,100,shuffle-dict-lz4raw,shuffle,dict,lz4raw,3,query15,OK,0.518,1
duckdb_cpu,100,shuffle-dict-lz4raw,shuffle,dict,lz4raw,3,query16,OK,0.504,27840
duckdb_cpu,100,shuffle-dict-lz4raw,shuffle,dict,lz4raw,3,query17,OK,0.896,1
duckdb_cpu,100,shuffle-dict-lz4raw,shuffle,dict,lz4raw,3,query18,OK,3.682,100
duckdb_cpu,100,shuffle-dict-lz4raw,shuffle,dict,lz4raw,3,query19,OK,1.868,1
duckdb_cpu,100,shuffle-dict-lz4raw,shuffle,dict,lz4raw,3,query20,OK,1.127,17971
duckdb_cpu,100,shuffle-dict-lz4raw,shuffle,dict,lz4raw,3,query21,OK,3.449,100
duckdb_cpu,100,shuffle-dict-lz4raw,shuffle,dict,lz4raw,3,query22,OK,1.100,7
duckdb_cpu,100,shuffle-dict-snappy,shuffle,dict,snappy,1,query1,OK,2.301,4
duckdb_cpu,100,shuffle-dict-snappy,shuffle,dict,snappy,1,query2,OK,0.991,100
duckdb_cpu,100,shuffle-dict-snappy,shuffle,dict,snappy,1,query3,OK,0.982,10
duckdb_cpu,100,shuffle-dict-snappy,shuffle,dict,snappy,1,query4,OK,0.799,5
duckdb_cpu,100,shuffle-dict-snappy,shuffle,dict,snappy,1,query5,OK,1.016,5
duckdb_cpu,100,shuffle-dict-snappy,shuffle,dict,snappy,1,query6,OK,0.276,1
duckdb_cpu,100,shuffle-dict-snappy,shuffle,dict,snappy,1,query7,OK,0.838,4
duckdb_cpu,100,shuffle-dict-snappy,shuffle,dict,snappy,1,query8,OK,1.039,2
duckdb_cpu,100,shuffle-dict-snappy,shuffle,dict,snappy,1,query9,OK,3.021,175
duckdb_cpu,100,shuffle-dict-snappy,shuffle,dict,snappy,1,query10,OK,0.788,20
duckdb_cpu,100,shuffle-dict-snappy,shuffle,dict,snappy,1,query11,OK,2.758,1706230
duckdb_cpu,100,shuffle-dict-snappy,shuffle,dict,snappy,1,query12,OK,0.719,2
duckdb_cpu,100,shuffle-dict-snappy,shuffle,dict,snappy,1,query13,OK,1.190,45
duckdb_cpu,100,shuffle-dict-snappy,shuffle,dict,snappy,1,query14,OK,0.620,1
duckdb_cpu,100,shuffle-dict-snappy,shuffle,dict,snappy,1,query15,OK,0.554,1
duckdb_cpu,100,shuffle-dict-snappy,shuffle,dict,snappy,1,query16,OK,0.508,27840
duckdb_cpu,100,shuffle-dict-snappy,shuffle,dict,snappy,1,query17,OK,0.842,1
duckdb_cpu,100,shuffle-dict-snappy,shuffle,dict,snappy,1,query18,OK,4.182,100
duckdb_cpu,100,shuffle-dict-snappy,shuffle,dict,snappy,1,query19,OK,1.027,1
duckdb_cpu,100,shuffle-dict-snappy,shuffle,dict,snappy,1,query20,OK,0.914,17971
duckdb_cpu,100,shuffle-dict-snappy,shuffle,dict,snappy,1,query21,OK,3.515,100
duckdb_cpu,100,shuffle-dict-snappy,shuffle,dict,snappy,1,query22,OK,1.229,7
duckdb_cpu,100,shuffle-dict-snappy,shuffle,dict,snappy,2,query1,OK,2.066,4
duckdb_cpu,100,shuffle-dict-snappy,shuffle,dict,snappy,2,query2,OK,0.792,100
duckdb_cpu,100,shuffle-dict-snappy,shuffle,dict,snappy,2,query3,OK,0.892,10
duckdb_cpu,100,shuffle-dict-snappy,shuffle,dict,snappy,2,query4,OK,0.743,5
duckdb_cpu,100,shuffle-dict-snappy,shuffle,dict,snappy,2,query5,OK,0.963,5
duckdb_cpu,100,shuffle-dict-snappy,shuffle,dict,snappy,2,query6,OK,0.262,1
duckdb_cpu,100,shuffle-dict-snappy,shuffle,dict,snappy,2,query7,OK,0.814,4
duckdb_cpu,100,shuffle-dict-snappy,shuffle,dict,snappy,2,query8,OK,1.046,2
duckdb_cpu,100,shuffle-dict-snappy,shuffle,dict,snappy,2,query9,OK,2.915,175
duckdb_cpu,100,shuffle-dict-snappy,shuffle,dict,snappy,2,query10,OK,0.840,20
duckdb_cpu,100,shuffle-dict-snappy,shuffle,dict,snappy,2,query11,OK,3.025,1706230
duckdb_cpu,100,shuffle-dict-snappy,shuffle,dict,snappy,2,query12,OK,0.539,2
duckdb_cpu,100,shuffle-dict-snappy,shuffle,dict,snappy,2,query13,OK,1.209,45
duckdb_cpu,100,shuffle-dict-snappy,shuffle,dict,snappy,2,query14,OK,0.588,1
duckdb_cpu,100,shuffle-dict-snappy,shuffle,dict,snappy,2,query15,OK,0.536,1
duckdb_cpu,100,shuffle-dict-snappy,shuffle,dict,snappy,2,query16,OK,0.523,27840
duckdb_cpu,100,shuffle-dict-snappy,shuffle,dict,snappy,2,query17,OK,0.806,1
duckdb_cpu,100,shuffle-dict-snappy,shuffle,dict,snappy,2,query18,OK,10.663,100
duckdb_cpu,100,shuffle-dict-snappy,shuffle,dict,snappy,2,query19,OK,1.325,1
duckdb_cpu,100,shuffle-dict-snappy,shuffle,dict,snappy,2,query20,OK,1.752,17971
duckdb_cpu,100,shuffle-dict-snappy,shuffle,dict,snappy,2,query21,OK,3.799,100
duckdb_cpu,100,shuffle-dict-snappy,shuffle,dict,snappy,2,query22,OK,0.608,7
duckdb_cpu,100,shuffle-dict-snappy,shuffle,dict,snappy,3,query1,OK,1.980,4
duckdb_cpu,100,shuffle-dict-snappy,shuffle,dict,snappy,3,query2,OK,0.753,100
duckdb_cpu,100,shuffle-dict-snappy,shuffle,dict,snappy,3,query3,OK,0.768,10
duckdb_cpu,100,shuffle-dict-snappy,shuffle,dict,snappy,3,query4,OK,0.720,5
duckdb_cpu,100,shuffle-dict-snappy,shuffle,dict,snappy,3,query5,OK,0.872,5
duckdb_cpu,100,shuffle-dict-snappy,shuffle,dict,snappy,3,query6,OK,0.261,1
duckdb_cpu,100,shuffle-dict-snappy,shuffle,dict,snappy,3,query7,OK,0.791,4
duckdb_cpu,100,shuffle-dict-snappy,shuffle,dict,snappy,3,query8,OK,0.985,2
duckdb_cpu,100,shuffle-dict-snappy,shuffle,dict,snappy,3,query9,OK,2.783,175
duckdb_cpu,100,shuffle-dict-snappy,shuffle,dict,snappy,3,query10,OK,0.770,20
duckdb_cpu,100,shuffle-dict-snappy,shuffle,dict,snappy,3,query11,OK,2.817,1706230
duckdb_cpu,100,shuffle-dict-snappy,shuffle,dict,snappy,3,query12,OK,0.626,2
duckdb_cpu,100,shuffle-dict-snappy,shuffle,dict,snappy,3,query13,OK,1.248,45
duckdb_cpu,100,shuffle-dict-snappy,shuffle,dict,snappy,3,query14,OK,0.600,1
duckdb_cpu,100,shuffle-dict-snappy,shuffle,dict,snappy,3,query15,OK,0.553,1
duckdb_cpu,100,shuffle-dict-snappy,shuffle,dict,snappy,3,query16,OK,0.541,27840
duckdb_cpu,100,shuffle-dict-snappy,shuffle,dict,snappy,3,query17,OK,0.907,1
duckdb_cpu,100,shuffle-dict-snappy,shuffle,dict,snappy,3,query18,OK,4.264,100
duckdb_cpu,100,shuffle-dict-snappy,shuffle,dict,snappy,3,query19,OK,1.345,1
duckdb_cpu,100,shuffle-dict-snappy,shuffle,dict,snappy,3,query20,OK,1.211,17971
duckdb_cpu,100,shuffle-dict-snappy,shuffle,dict,snappy,3,query21,OK,3.498,100
duckdb_cpu,100,shuffle-dict-snappy,shuffle,dict,snappy,3,query22,OK,0.454,7
duckdb_cpu,100,shuffle-dict-zstd,shuffle,dict,zstd,1,query1,OK,1.881,4
duckdb_cpu,100,shuffle-dict-zstd,shuffle,dict,zstd,1,query2,OK,0.789,100
duckdb_cpu,100,shuffle-dict-zstd,shuffle,dict,zstd,1,query3,OK,0.878,10
duckdb_cpu,100,shuffle-dict-zstd,shuffle,dict,zstd,1,query4,OK,0.769,5
duckdb_cpu,100,shuffle-dict-zstd,shuffle,dict,zstd,1,query5,OK,0.975,5
duckdb_cpu,100,shuffle-dict-zstd,shuffle,dict,zstd,1,query6,OK,0.221,1
duckdb_cpu,100,shuffle-dict-zstd,shuffle,dict,zstd,1,query7,OK,0.820,4
duckdb_cpu,100,shuffle-dict-zstd,shuffle,dict,zstd,1,query8,OK,1.046,2
duckdb_cpu,100,shuffle-dict-zstd,shuffle,dict,zstd,1,query9,OK,2.885,175
duckdb_cpu,100,shuffle-dict-zstd,shuffle,dict,zstd,1,query10,OK,0.887,20
duckdb_cpu,100,shuffle-dict-zstd,shuffle,dict,zstd,1,query11,OK,2.992,1706230
duckdb_cpu,100,shuffle-dict-zstd,shuffle,dict,zstd,1,query12,OK,0.550,2
duckdb_cpu,100,shuffle-dict-zstd,shuffle,dict,zstd,1,query13,OK,1.225,45
duckdb_cpu,100,shuffle-dict-zstd,shuffle,dict,zstd,1,query14,OK,0.586,1
duckdb_cpu,100,shuffle-dict-zstd,shuffle,dict,zstd,1,query15,OK,0.496,1
duckdb_cpu,100,shuffle-dict-zstd,shuffle,dict,zstd,1,query16,OK,0.528,27840
duckdb_cpu,100,shuffle-dict-zstd,shuffle,dict,zstd,1,query17,OK,0.804,1
duckdb_cpu,100,shuffle-dict-zstd,shuffle,dict,zstd,1,query18,OK,4.089,100
duckdb_cpu,100,shuffle-dict-zstd,shuffle,dict,zstd,1,query19,OK,1.955,1
duckdb_cpu,100,shuffle-dict-zstd,shuffle,dict,zstd,1,query20,OK,1.484,17971
duckdb_cpu,100,shuffle-dict-zstd,shuffle,dict,zstd,1,query21,OK,3.637,100
duckdb_cpu,100,shuffle-dict-zstd,shuffle,dict,zstd,1,query22,OK,0.859,7
duckdb_cpu,100,shuffle-dict-zstd,shuffle,dict,zstd,2,query1,OK,2.006,4
duckdb_cpu,100,shuffle-dict-zstd,shuffle,dict,zstd,2,query2,OK,0.778,100
duckdb_cpu,100,shuffle-dict-zstd,shuffle,dict,zstd,2,query3,OK,0.989,10
duckdb_cpu,100,shuffle-dict-zstd,shuffle,dict,zstd,2,query4,OK,0.750,5
duckdb_cpu,100,shuffle-dict-zstd,shuffle,dict,zstd,2,query5,OK,1.035,5
duckdb_cpu,100,shuffle-dict-zstd,shuffle,dict,zstd,2,query6,OK,0.238,1
duckdb_cpu,100,shuffle-dict-zstd,shuffle,dict,zstd,2,query7,OK,0.856,4
duckdb_cpu,100,shuffle-dict-zstd,shuffle,dict,zstd,2,query8,OK,1.118,2
duckdb_cpu,100,shuffle-dict-zstd,shuffle,dict,zstd,2,query9,OK,3.238,175
duckdb_cpu,100,shuffle-dict-zstd,shuffle,dict,zstd,2,query10,OK,0.838,20
duckdb_cpu,100,shuffle-dict-zstd,shuffle,dict,zstd,2,query11,OK,2.865,1706230
duckdb_cpu,100,shuffle-dict-zstd,shuffle,dict,zstd,2,query12,OK,0.545,2
duckdb_cpu,100,shuffle-dict-zstd,shuffle,dict,zstd,2,query13,OK,1.125,45
duckdb_cpu,100,shuffle-dict-zstd,shuffle,dict,zstd,2,query14,OK,0.605,1
duckdb_cpu,100,shuffle-dict-zstd,shuffle,dict,zstd,2,query15,OK,0.532,1
duckdb_cpu,100,shuffle-dict-zstd,shuffle,dict,zstd,2,query16,OK,0.808,27840
duckdb_cpu,100,shuffle-dict-zstd,shuffle,dict,zstd,2,query17,OK,0.836,1
duckdb_cpu,100,shuffle-dict-zstd,shuffle,dict,zstd,2,query18,OK,3.793,100
duckdb_cpu,100,shuffle-dict-zstd,shuffle,dict,zstd,2,query19,OK,1.850,1
duckdb_cpu,100,shuffle-dict-zstd,shuffle,dict,zstd,2,query20,OK,1.409,17971
duckdb_cpu,100,shuffle-dict-zstd,shuffle,dict,zstd,2,query21,OK,3.512,100
duckdb_cpu,100,shuffle-dict-zstd,shuffle,dict,zstd,2,query22,OK,1.470,7
duckdb_cpu,100,shuffle-dict-zstd,shuffle,dict,zstd,3,query1,OK,1.610,4
duckdb_cpu,100,shuffle-dict-zstd,shuffle,dict,zstd,3,query2,OK,0.729,100
duckdb_cpu,100,shuffle-dict-zstd,shuffle,dict,zstd,3,query3,OK,0.974,10
duckdb_cpu,100,shuffle-dict-zstd,shuffle,dict,zstd,3,query4,OK,0.781,5
duckdb_cpu,100,shuffle-dict-zstd,shuffle,dict,zstd,3,query5,OK,0.884,5
duckdb_cpu,100,shuffle-dict-zstd,shuffle,dict,zstd,3,query6,OK,0.231,1
duckdb_cpu,100,shuffle-dict-zstd,shuffle,dict,zstd,3,query7,OK,0.871,4
duckdb_cpu,100,shuffle-dict-zstd,shuffle,dict,zstd,3,query8,OK,1.034,2
duckdb_cpu,100,shuffle-dict-zstd,shuffle,dict,zstd,3,query9,OK,2.814,175
duckdb_cpu,100,shuffle-dict-zstd,shuffle,dict,zstd,3,query10,OK,0.763,20
duckdb_cpu,100,shuffle-dict-zstd,shuffle,dict,zstd,3,query11,OK,2.692,1706230
duckdb_cpu,100,shuffle-dict-zstd,shuffle,dict,zstd,3,query12,OK,0.454,2
duckdb_cpu,100,shuffle-dict-zstd,shuffle,dict,zstd,3,query13,OK,1.190,45
duckdb_cpu,100,shuffle-dict-zstd,shuffle,dict,zstd,3,query14,OK,0.547,1
duckdb_cpu,100,shuffle-dict-zstd,shuffle,dict,zstd,3,query15,OK,0.492,1
duckdb_cpu,100,shuffle-dict-zstd,shuffle,dict,zstd,3,query16,OK,0.512,27840
duckdb_cpu,100,shuffle-dict-zstd,shuffle,dict,zstd,3,query17,OK,0.890,1
duckdb_cpu,100,shuffle-dict-zstd,shuffle,dict,zstd,3,query18,OK,3.973,100
duckdb_cpu,100,shuffle-dict-zstd,shuffle,dict,zstd,3,query19,OK,1.351,1
duckdb_cpu,100,shuffle-dict-zstd,shuffle,dict,zstd,3,query20,OK,1.134,17971
duckdb_cpu,100,shuffle-dict-zstd,shuffle,dict,zstd,3,query21,OK,3.340,100
duckdb_cpu,100,shuffle-dict-zstd,shuffle,dict,zstd,3,query22,OK,0.848,7
duckdb_cpu,100,shuffle-plain-lz4raw,shuffle,plain,lz4raw,1,query1,OK,1.382,4
duckdb_cpu,100,shuffle-plain-lz4raw,shuffle,plain,lz4raw,1,query2,OK,0.721,100
duckdb_cpu,100,shuffle-plain-lz4raw,shuffle,plain,lz4raw,1,query3,OK,0.677,10
duckdb_cpu,100,shuffle-plain-lz4raw,shuffle,plain,lz4raw,1,query4,OK,0.673,5
duckdb_cpu,100,shuffle-plain-lz4raw,shuffle,plain,lz4raw,1,query5,OK,0.789,5
duckdb_cpu,100,shuffle-plain-lz4raw,shuffle,plain,lz4raw,1,query6,OK,0.256,1
duckdb_cpu,100,shuffle-plain-lz4raw,shuffle,plain,lz4raw,1,query7,OK,0.706,4
duckdb_cpu,100,shuffle-plain-lz4raw,shuffle,plain,lz4raw,1,query8,OK,0.875,2
duckdb_cpu,100,shuffle-plain-lz4raw,shuffle,plain,lz4raw,1,query9,OK,3.148,175
duckdb_cpu,100,shuffle-plain-lz4raw,shuffle,plain,lz4raw,1,query10,OK,0.789,20
duckdb_cpu,100,shuffle-plain-lz4raw,shuffle,plain,lz4raw,1,query11,OK,2.753,1706230
duckdb_cpu,100,shuffle-plain-lz4raw,shuffle,plain,lz4raw,1,query12,OK,0.645,2
duckdb_cpu,100,shuffle-plain-lz4raw,shuffle,plain,lz4raw,1,query13,OK,1.110,45
duckdb_cpu,100,shuffle-plain-lz4raw,shuffle,plain,lz4raw,1,query14,OK,0.559,1
duckdb_cpu,100,shuffle-plain-lz4raw,shuffle,plain,lz4raw,1,query15,OK,0.512,1
duckdb_cpu,100,shuffle-plain-lz4raw,shuffle,plain,lz4raw,1,query16,OK,0.850,27840
duckdb_cpu,100,shuffle-plain-lz4raw,shuffle,plain,lz4raw,1,query17,OK,1.222,1
duckdb_cpu,100,shuffle-plain-lz4raw,shuffle,plain,lz4raw,1,query18,OK,3.944,100
duckdb_cpu,100,shuffle-plain-lz4raw,shuffle,plain,lz4raw,1,query19,OK,1.755,1
duckdb_cpu,100,shuffle-plain-lz4raw,shuffle,plain,lz4raw,1,query20,OK,1.129,17971
duckdb_cpu,100,shuffle-plain-lz4raw,shuffle,plain,lz4raw,1,query21,OK,3.374,100
duckdb_cpu,100,shuffle-plain-lz4raw,shuffle,plain,lz4raw,1,query22,OK,0.818,7
duckdb_cpu,100,shuffle-plain-lz4raw,shuffle,plain,lz4raw,2,query1,OK,1.798,4
duckdb_cpu,100,shuffle-plain-lz4raw,shuffle,plain,lz4raw,2,query2,OK,0.770,100
duckdb_cpu,100,shuffle-plain-lz4raw,shuffle,plain,lz4raw,2,query3,OK,0.808,10
duckdb_cpu,100,shuffle-plain-lz4raw,shuffle,plain,lz4raw,2,query4,OK,0.812,5
duckdb_cpu,100,shuffle-plain-lz4raw,shuffle,plain,lz4raw,2,query5,OK,0.892,5
duckdb_cpu,100,shuffle-plain-lz4raw,shuffle,plain,lz4raw,2,query6,OK,0.274,1
duckdb_cpu,100,shuffle-plain-lz4raw,shuffle,plain,lz4raw,2,query7,OK,0.829,4
duckdb_cpu,100,shuffle-plain-lz4raw,shuffle,plain,lz4raw,2,query8,OK,1.016,2
duckdb_cpu,100,shuffle-plain-lz4raw,shuffle,plain,lz4raw,2,query9,OK,3.002,175
duckdb_cpu,100,shuffle-plain-lz4raw,shuffle,plain,lz4raw,2,query10,OK,0.822,20
duckdb_cpu,100,shuffle-plain-lz4raw,shuffle,plain,lz4raw,2,query11,OK,2.764,1706230
duckdb_cpu,100,shuffle-plain-lz4raw,shuffle,plain,lz4raw,2,query12,OK,0.697,2
duckdb_cpu,100,shuffle-plain-lz4raw,shuffle,plain,lz4raw,2,query13,OK,1.199,45
duckdb_cpu,100,shuffle-plain-lz4raw,shuffle,plain,lz4raw,2,query14,OK,0.618,1
duckdb_cpu,100,shuffle-plain-lz4raw,shuffle,plain,lz4raw,2,query15,OK,0.719,1
duckdb_cpu,100,shuffle-plain-lz4raw,shuffle,plain,lz4raw,2,query16,OK,0.709,27840
duckdb_cpu,100,shuffle-plain-lz4raw,shuffle,plain,lz4raw,2,query17,OK,0.832,1
duckdb_cpu,100,shuffle-plain-lz4raw,shuffle,plain,lz4raw,2,query18,OK,3.846,100
duckdb_cpu,100,shuffle-plain-lz4raw,shuffle,plain,lz4raw,2,query19,OK,1.727,1
duckdb_cpu,100,shuffle-plain-lz4raw,shuffle,plain,lz4raw,2,query20,OK,1.066,17971
duckdb_cpu,100,shuffle-plain-lz4raw,shuffle,plain,lz4raw,2,query21,OK,3.482,100
duckdb_cpu,100,shuffle-plain-lz4raw,shuffle,plain,lz4raw,2,query22,OK,1.261,7
duckdb_cpu,100,shuffle-plain-lz4raw,shuffle,plain,lz4raw,3,query1,OK,1.750,4
duckdb_cpu,100,shuffle-plain-lz4raw,shuffle,plain,lz4raw,3,query2,OK,0.826,100
duckdb_cpu,100,shuffle-plain-lz4raw,shuffle,plain,lz4raw,3,query3,OK,0.806,10
duckdb_cpu,100,shuffle-plain-lz4raw,shuffle,plain,lz4raw,3,query4,OK,0.718,5
duckdb_cpu,100,shuffle-plain-lz4raw,shuffle,plain,lz4raw,3,query5,OK,0.818,5
duckdb_cpu,100,shuffle-plain-lz4raw,shuffle,plain,lz4raw,3,query6,OK,0.264,1
duckdb_cpu,100,shuffle-plain-lz4raw,shuffle,plain,lz4raw,3,query7,OK,0.724,4
duckdb_cpu,100,shuffle-plain-lz4raw,shuffle,plain,lz4raw,3,query8,OK,0.956,2
duckdb_cpu,100,shuffle-plain-lz4raw,shuffle,plain,lz4raw,3,query9,OK,2.945,175
duckdb_cpu,100,shuffle-plain-lz4raw,shuffle,plain,lz4raw,3,query10,OK,0.767,20
duckdb_cpu,100,shuffle-plain-lz4raw,shuffle,plain,lz4raw,3,query11,OK,2.736,1706230
duckdb_cpu,100,shuffle-plain-lz4raw,shuffle,plain,lz4raw,3,query12,OK,0.743,2
duckdb_cpu,100,shuffle-plain-lz4raw,shuffle,plain,lz4raw,3,query13,OK,1.197,45
duckdb_cpu,100,shuffle-plain-lz4raw,shuffle,plain,lz4raw,3,query14,OK,0.583,1
duckdb_cpu,100,shuffle-plain-lz4raw,shuffle,plain,lz4raw,3,query15,OK,0.667,1
duckdb_cpu,100,shuffle-plain-lz4raw,shuffle,plain,lz4raw,3,query16,OK,0.837,27840
duckdb_cpu,100,shuffle-plain-lz4raw,shuffle,plain,lz4raw,3,query17,OK,0.852,1
duckdb_cpu,100,shuffle-plain-lz4raw,shuffle,plain,lz4raw,3,query18,OK,4.601,100
duckdb_cpu,100,shuffle-plain-lz4raw,shuffle,plain,lz4raw,3,query19,OK,1.661,1
duckdb_cpu,100,shuffle-plain-lz4raw,shuffle,plain,lz4raw,3,query20,OK,1.317,17971
duckdb_cpu,100,shuffle-plain-lz4raw,shuffle,plain,lz4raw,3,query21,OK,2.992,100
duckdb_cpu,100,shuffle-plain-lz4raw,shuffle,plain,lz4raw,3,query22,OK,0.999,7
duckdb_cpu,100,shuffle-plain-snappy,shuffle,plain,snappy,1,query1,OK,1.780,4
duckdb_cpu,100,shuffle-plain-snappy,shuffle,plain,snappy,1,query2,OK,0.817,100
duckdb_cpu,100,shuffle-plain-snappy,shuffle,plain,snappy,1,query3,OK,0.904,10
duckdb_cpu,100,shuffle-plain-snappy,shuffle,plain,snappy,1,query4,OK,0.856,5
duckdb_cpu,100,shuffle-plain-snappy,shuffle,plain,snappy,1,query5,OK,0.927,5
duckdb_cpu,100,shuffle-plain-snappy,shuffle,plain,snappy,1,query6,OK,0.319,1
duckdb_cpu,100,shuffle-plain-snappy,shuffle,plain,snappy,1,query7,OK,0.855,4
duckdb_cpu,100,shuffle-plain-snappy,shuffle,plain,snappy,1,query8,OK,1.090,2
duckdb_cpu,100,shuffle-plain-snappy,shuffle,plain,snappy,1,query9,OK,2.977,175
duckdb_cpu,100,shuffle-plain-snappy,shuffle,plain,snappy,1,query10,OK,0.854,20
duckdb_cpu,100,shuffle-plain-snappy,shuffle,plain,snappy,1,query11,OK,2.794,1706230
duckdb_cpu,100,shuffle-plain-snappy,shuffle,plain,snappy,1,query12,OK,0.808,2
duckdb_cpu,100,shuffle-plain-snappy,shuffle,plain,snappy,1,query13,OK,1.245,45
duckdb_cpu,100,shuffle-plain-snappy,shuffle,plain,snappy,1,query14,OK,0.668,1
duckdb_cpu,100,shuffle-plain-snappy,shuffle,plain,snappy,1,query15,OK,0.760,1
duckdb_cpu,100,shuffle-plain-snappy,shuffle,plain,snappy,1,query16,OK,0.903,27840
duckdb_cpu,100,shuffle-plain-snappy,shuffle,plain,snappy,1,query17,OK,0.890,1
duckdb_cpu,100,shuffle-plain-snappy,shuffle,plain,snappy,1,query18,OK,4.288,100
duckdb_cpu,100,shuffle-plain-snappy,shuffle,plain,snappy,1,query19,OK,1.689,1
duckdb_cpu,100,shuffle-plain-snappy,shuffle,plain,snappy,1,query20,OK,1.099,17971
duckdb_cpu,100,shuffle-plain-snappy,shuffle,plain,snappy,1,query21,OK,3.814,100
duckdb_cpu,100,shuffle-plain-snappy,shuffle,plain,snappy,1,query22,OK,0.870,7
duckdb_cpu,100,shuffle-plain-snappy,shuffle,plain,snappy,2,query1,OK,2.509,4
duckdb_cpu,100,shuffle-plain-snappy,shuffle,plain,snappy,2,query2,OK,0.835,100
duckdb_cpu,100,shuffle-plain-snappy,shuffle,plain,snappy,2,query3,OK,0.871,10
duckdb_cpu,100,shuffle-plain-snappy,shuffle,plain,snappy,2,query4,OK,0.857,5
duckdb_cpu,100,shuffle-plain-snappy,shuffle,plain,snappy,2,query5,OK,0.920,5
duckdb_cpu,100,shuffle-plain-snappy,shuffle,plain,snappy,2,query6,OK,0.331,1
duckdb_cpu,100,shuffle-plain-snappy,shuffle,plain,snappy,2,query7,OK,0.851,4
duckdb_cpu,100,shuffle-plain-snappy,shuffle,plain,snappy,2,query8,OK,1.013,2
duckdb_cpu,100,shuffle-plain-snappy,shuffle,plain,snappy,2,query9,OK,2.741,175
duckdb_cpu,100,shuffle-plain-snappy,shuffle,plain,snappy,2,query10,OK,0.887,20
duckdb_cpu,100,shuffle-plain-snappy,shuffle,plain,snappy,2,query11,OK,3.016,1706230
duckdb_cpu,100,shuffle-plain-snappy,shuffle,plain,snappy,2,query12,OK,0.710,2
duckdb_cpu,100,shuffle-plain-snappy,shuffle,plain,snappy,2,query13,OK,1.188,45
duckdb_cpu,100,shuffle-plain-snappy,shuffle,plain,snappy,2,query14,OK,0.630,1
duckdb_cpu,100,shuffle-plain-snappy,shuffle,plain,snappy,2,query15,OK,0.612,1
duckdb_cpu,100,shuffle-plain-snappy,shuffle,plain,snappy,2,query16,OK,0.671,27840
duckdb_cpu,100,shuffle-plain-snappy,shuffle,plain,snappy,2,query17,OK,1.141,1
duckdb_cpu,100,shuffle-plain-snappy,shuffle,plain,snappy,2,query18,OK,4.494,100
duckdb_cpu,100,shuffle-plain-snappy,shuffle,plain,snappy,2,query19,OK,1.502,1
duckdb_cpu,100,shuffle-plain-snappy,shuffle,plain,snappy,2,query20,OK,1.227,17971
duckdb_cpu,100,shuffle-plain-snappy,shuffle,plain,snappy,2,query21,OK,3.469,100
duckdb_cpu,100,shuffle-plain-snappy,shuffle,plain,snappy,2,query22,OK,0.857,7
duckdb_cpu,100,shuffle-plain-snappy,shuffle,plain,snappy,3,query1,OK,2.109,4
duckdb_cpu,100,shuffle-plain-snappy,shuffle,plain,snappy,3,query2,OK,1.018,100
duckdb_cpu,100,shuffle-plain-snappy,shuffle,plain,snappy,3,query3,OK,1.441,10
duckdb_cpu,100,shuffle-plain-snappy,shuffle,plain,snappy,3,query4,OK,1.040,5
duckdb_cpu,100,shuffle-plain-snappy,shuffle,plain,snappy,3,query5,OK,1.051,5
duckdb_cpu,100,shuffle-plain-snappy,shuffle,plain,snappy,3,query6,OK,0.383,1
duckdb_cpu,100,shuffle-plain-snappy,shuffle,plain,snappy,3,query7,OK,1.007,4
duckdb_cpu,100,shuffle-plain-snappy,shuffle,plain,snappy,3,query8,OK,1.075,2
duckdb_cpu,100,shuffle-plain-snappy,shuffle,plain,snappy,3,query9,OK,3.099,175
duckdb_cpu,100,shuffle-plain-snappy,shuffle,plain,snappy,3,query10,OK,1.003,20
duckdb_cpu,100,shuffle-plain-snappy,shuffle,plain,snappy,3,query11,OK,2.794,1706230
duckdb_cpu,100,shuffle-plain-snappy,shuffle,plain,snappy,3,query12,OK,0.849,2
duckdb_cpu,100,shuffle-plain-snappy,shuffle,plain,snappy,3,query13,OK,1.271,45
duckdb_cpu,100,shuffle-plain-snappy,shuffle,plain,snappy,3,query14,OK,0.650,1
duckdb_cpu,100,shuffle-plain-snappy,shuffle,plain,snappy,3,query15,OK,0.567,1
duckdb_cpu,100,shuffle-plain-snappy,shuffle,plain,snappy,3,query16,OK,0.633,27840
duckdb_cpu,100,shuffle-plain-snappy,shuffle,plain,snappy,3,query17,OK,0.946,1
duckdb_cpu,100,shuffle-plain-snappy,shuffle,plain,snappy,3,query18,OK,3.925,100
duckdb_cpu,100,shuffle-plain-snappy,shuffle,plain,snappy,3,query19,OK,1.758,1
duckdb_cpu,100,shuffle-plain-snappy,shuffle,plain,snappy,3,query20,OK,1.343,17971
duckdb_cpu,100,shuffle-plain-snappy,shuffle,plain,snappy,3,query21,OK,3.986,100
duckdb_cpu,100,shuffle-plain-snappy,shuffle,plain,snappy,3,query22,OK,0.542,7
duckdb_cpu,100,shuffle-plain-zstd,shuffle,plain,zstd,1,query1,OK,1.984,4
duckdb_cpu,100,shuffle-plain-zstd,shuffle,plain,zstd,1,query2,OK,0.866,100
duckdb_cpu,100,shuffle-plain-zstd,shuffle,plain,zstd,1,query3,OK,0.915,10
duckdb_cpu,100,shuffle-plain-zstd,shuffle,plain,zstd,1,query4,OK,0.752,5
duckdb_cpu,100,shuffle-plain-zstd,shuffle,plain,zstd,1,query5,OK,0.950,5
duckdb_cpu,100,shuffle-plain-zstd,shuffle,plain,zstd,1,query6,OK,0.334,1
duckdb_cpu,100,shuffle-plain-zstd,shuffle,plain,zstd,1,query7,OK,0.870,4
duckdb_cpu,100,shuffle-plain-zstd,shuffle,plain,zstd,1,query8,OK,1.099,2
duckdb_cpu,100,shuffle-plain-zstd,shuffle,plain,zstd,1,query9,OK,2.840,175
duckdb_cpu,100,shuffle-plain-zstd,shuffle,plain,zstd,1,query10,OK,0.938,20
duckdb_cpu,100,shuffle-plain-zstd,shuffle,plain,zstd,1,query11,OK,2.733,1706230
duckdb_cpu,100,shuffle-plain-zstd,shuffle,plain,zstd,1,query12,OK,0.784,2
duckdb_cpu,100,shuffle-plain-zstd,shuffle,plain,zstd,1,query13,OK,1.228,45
duckdb_cpu,100,shuffle-plain-zstd,shuffle,plain,zstd,1,query14,OK,0.696,1
duckdb_cpu,100,shuffle-plain-zstd,shuffle,plain,zstd,1,query15,OK,0.623,1
duckdb_cpu,100,shuffle-plain-zstd,shuffle,plain,zstd,1,query16,OK,1.165,27840
duckdb_cpu,100,shuffle-plain-zstd,shuffle,plain,zstd,1,query17,OK,0.863,1
duckdb_cpu,100,shuffle-plain-zstd,shuffle,plain,zstd,1,query18,OK,4.509,100
duckdb_cpu,100,shuffle-plain-zstd,shuffle,plain,zstd,1,query19,OK,1.738,1
duckdb_cpu,100,shuffle-plain-zstd,shuffle,plain,zstd,1,query20,OK,1.211,17971
duckdb_cpu,100,shuffle-plain-zstd,shuffle,plain,zstd,1,query21,OK,4.040,100
duckdb_cpu,100,shuffle-plain-zstd,shuffle,plain,zstd,1,query22,OK,0.582,7
duckdb_cpu,100,shuffle-plain-zstd,shuffle,plain,zstd,2,query1,OK,1.949,4
duckdb_cpu,100,shuffle-plain-zstd,shuffle,plain,zstd,2,query2,OK,0.811,100
duckdb_cpu,100,shuffle-plain-zstd,shuffle,plain,zstd,2,query3,OK,0.984,10
duckdb_cpu,100,shuffle-plain-zstd,shuffle,plain,zstd,2,query4,OK,0.887,5
duckdb_cpu,100,shuffle-plain-zstd,shuffle,plain,zstd,2,query5,OK,1.092,5
duckdb_cpu,100,shuffle-plain-zstd,shuffle,plain,zstd,2,query6,OK,0.350,1
duckdb_cpu,100,shuffle-plain-zstd,shuffle,plain,zstd,2,query7,OK,1.085,4
duckdb_cpu,100,shuffle-plain-zstd,shuffle,plain,zstd,2,query8,OK,1.212,2
duckdb_cpu,100,shuffle-plain-zstd,shuffle,plain,zstd,2,query9,OK,2.951,175
duckdb_cpu,100,shuffle-plain-zstd,shuffle,plain,zstd,2,query10,OK,0.983,20
duckdb_cpu,100,shuffle-plain-zstd,shuffle,plain,zstd,2,query11,OK,2.776,1706230
duckdb_cpu,100,shuffle-plain-zstd,shuffle,plain,zstd,2,query12,OK,0.750,2
duckdb_cpu,100,shuffle-plain-zstd,shuffle,plain,zstd,2,query13,OK,1.201,45
duckdb_cpu,100,shuffle-plain-zstd,shuffle,plain,zstd,2,query14,OK,0.673,1
duckdb_cpu,100,shuffle-plain-zstd,shuffle,plain,zstd,2,query15,OK,0.739,1
duckdb_cpu,100,shuffle-plain-zstd,shuffle,plain,zstd,2,query16,OK,0.745,27840
duckdb_cpu,100,shuffle-plain-zstd,shuffle,plain,zstd,2,query17,OK,0.971,1
duckdb_cpu,100,shuffle-plain-zstd,shuffle,plain,zstd,2,query18,OK,3.576,100
duckdb_cpu,100,shuffle-plain-zstd,shuffle,plain,zstd,2,query19,OK,2.111,1
duckdb_cpu,100,shuffle-plain-zstd,shuffle,plain,zstd,2,query20,OK,1.157,17971
duckdb_cpu,100,shuffle-plain-zstd,shuffle,plain,zstd,2,query21,OK,3.803,100
duckdb_cpu,100,shuffle-plain-zstd,shuffle,plain,zstd,2,query22,OK,0.929,7
duckdb_cpu,100,shuffle-plain-zstd,shuffle,plain,zstd,3,query1,OK,1.707,4
duckdb_cpu,100,shuffle-plain-zstd,shuffle,plain,zstd,3,query2,OK,0.729,100
duckdb_cpu,100,shuffle-plain-zstd,shuffle,plain,zstd,3,query3,OK,0.850,10
duckdb_cpu,100,shuffle-plain-zstd,shuffle,plain,zstd,3,query4,OK,0.769,5
duckdb_cpu,100,shuffle-plain-zstd,shuffle,plain,zstd,3,query5,OK,0.976,5
duckdb_cpu,100,shuffle-plain-zstd,shuffle,plain,zstd,3,query6,OK,0.336,1
duckdb_cpu,100,shuffle-plain-zstd,shuffle,plain,zstd,3,query7,OK,0.884,4
duckdb_cpu,100,shuffle-plain-zstd,shuffle,plain,zstd,3,query8,OK,1.151,2
duckdb_cpu,100,shuffle-plain-zstd,shuffle,plain,zstd,3,query9,OK,2.878,175
duckdb_cpu,100,shuffle-plain-zstd,shuffle,plain,zstd,3,query10,OK,0.942,20
duckdb_cpu,100,shuffle-plain-zstd,shuffle,plain,zstd,3,query11,OK,2.756,1706230
duckdb_cpu,100,shuffle-plain-zstd,shuffle,plain,zstd,3,query12,OK,0.740,2
duckdb_cpu,100,shuffle-plain-zstd,shuffle,plain,zstd,3,query13,OK,1.111,45
duckdb_cpu,100,shuffle-plain-zstd,shuffle,plain,zstd,3,query14,OK,0.657,1
duckdb_cpu,100,shuffle-plain-zstd,shuffle,plain,zstd,3,query15,OK,0.765,1
duckdb_cpu,100,shuffle-plain-zstd,shuffle,plain,zstd,3,query16,OK,0.569,27840
duckdb_cpu,100,shuffle-plain-zstd,shuffle,plain,zstd,3,query17,OK,0.918,1
duckdb_cpu,100,shuffle-plain-zstd,shuffle,plain,zstd,3,query18,OK,4.854,100
duckdb_cpu,100,shuffle-plain-zstd,shuffle,plain,zstd,3,query19,OK,1.724,1
duckdb_cpu,100,shuffle-plain-zstd,shuffle,plain,zstd,3,query20,OK,1.020,17971
duckdb_cpu,100,shuffle-plain-zstd,shuffle,plain,zstd,3,query21,OK,3.847,100
duckdb_cpu,100,shuffle-plain-zstd,shuffle,plain,zstd,3,query22,OK,0.525,7
sirius,1,keyorder-delta-snappy,keyorder,delta,snappy,1,query1,OK,0.648,4
sirius,1,keyorder-delta-snappy,keyorder,delta,snappy,1,query9,OK,0.391,175
sirius,1,keyorder-delta-snappy,keyorder,delta,snappy,1,query13,OK,0.169,42
sirius,1,keyorder-dict-snappy,keyorder,dict,snappy,1,query1,OK,0.916,4
sirius,1,keyorder-dict-snappy,keyorder,dict,snappy,1,query9,OK,1.196,175
sirius,1,keyorder-dict-snappy,keyorder,dict,snappy,1,query13,OK,0.139,42
sirius,1,keyorder-plain-snappy,keyorder,plain,snappy,1,query1,OK,0.158,4
sirius,1,keyorder-plain-snappy,keyorder,plain,snappy,1,query9,OK,0.487,175
sirius,1,keyorder-plain-snappy,keyorder,plain,snappy,1,query13,OK,0.556,42
sirius,1,shuffle-delta-lz4raw,shuffle,delta,lz4raw,1,query1,OK,0.492,4
sirius,1,shuffle-delta-lz4raw,shuffle,delta,lz4raw,1,query9,OK,1.243,175
sirius,1,shuffle-delta-lz4raw,shuffle,delta,lz4raw,1,query13,OK,0.507,42
sirius,1,shuffle-delta-snappy,shuffle,delta,snappy,1,query1,OK,0.150,4
sirius,1,shuffle-delta-snappy,shuffle,delta,snappy,1,query9,OK,0.461,175
sirius,1,shuffle-delta-snappy,shuffle,delta,snappy,1,query13,OK,0.371,42
sirius,1,shuffle-delta-zstd,shuffle,delta,zstd,1,query1,OK,0.732,4
sirius,1,shuffle-delta-zstd,shuffle,delta,zstd,1,query9,OK,0.266,175
sirius,1,shuffle-delta-zstd,shuffle,delta,zstd,1,query13,OK,0.487,42
sirius,1,shuffle-dict-lz4raw,shuffle,dict,lz4raw,1,query1,OK,0.924,4
sirius,1,shuffle-dict-lz4raw,shuffle,dict,lz4raw,1,query9,OK,0.500,175
sirius,1,shuffle-dict-lz4raw,shuffle,dict,lz4raw,1,query13,OK,0.175,42
sirius,1,shuffle-dict-snappy,shuffle,dict,snappy,1,query1,OK,0.378,4
sirius,1,shuffle-dict-snappy,shuffle,dict,snappy,1,query9,OK,0.320,175
sirius,1,shuffle-dict-snappy,shuffle,dict,snappy,1,query13,OK,0.562,42
sirius,1,shuffle-dict-zstd,shuffle,dict,zstd,1,query1,OK,1.051,4
sirius,1,shuffle-dict-zstd,shuffle,dict,zstd,1,query9,OK,0.768,175
sirius,1,shuffle-dict-zstd,shuffle,dict,zstd,1,query13,OK,0.155,42
sirius,1,shuffle-plain-lz4raw,shuffle,plain,lz4raw,1,query1,OK,0.975,4
sirius,1,shuffle-plain-lz4raw,shuffle,plain,lz4raw,1,query9,OK,0.265,175
sirius,1,shuffle-plain-lz4raw,shuffle,plain,lz4raw,1,query13,OK,0.234,42
sirius,1,shuffle-plain-snappy,shuffle,plain,snappy,1,query1,OK,0.433,4
sirius,1,shuffle-plain-snappy,shuffle,plain,snappy,1,query9,OK,0.773,175
sirius,1,shuffle-plain-snappy,shuffle,plain,snappy,1,query13,OK,0.307,42
sirius,1,shuffle-plain-zstd,shuffle,plain,zstd,1,query1,OK,0.361,4
sirius,1,shuffle-plain-zstd,shuffle,plain,zstd,1,query9,OK,0.751,175
sirius,1,shuffle-plain-zstd,shuffle,plain,zstd,1,query13,OK,0.187,42
sirius,100,keyorder-delta-snappy,keyorder,delta,snappy,1,query1,OK,1.055,4
sirius,100,keyorder-delta-snappy,keyorder,delta,snappy,1,query2,OK,0.808,100
sirius,100,keyorder-delta-snappy,keyorder,delta,snappy,1,query3,OK,2.277,10
sirius,100,keyorder-delta-snappy,keyorder,delta,snappy,1,query4,OK,1.103,5
sirius,100,keyorder-delta-snappy,keyorder,delta,snappy,1,query5,OK,0.965,5
sirius,100,keyorder-delta-snappy,keyorder,delta,snappy,1,query6,OK,1.002,1
sirius,100,keyorder-delta-snappy,keyorder,delta,snappy,1,query7,OK,1.607,4
sirius,100,keyorder-delta-snappy,keyorder,delta,snappy,1,query8,OK,2.784,2
sirius,100,keyorder-delta-snappy,keyorder,delta,snappy,1,query9,OK,1.260,175
sirius,100,keyorder-delta-snappy,keyorder,delta,snappy,1,query10,OK,1.831,20
sirius,100,keyorder-delta-snappy,keyorder,delta,snappy,1,query11,OK,1.496,1706230
sirius,100,keyorder-delta-snappy,keyorder,delta,snappy,1,query12,OK,0.825,2
sirius,100,keyorder-delta-snappy,keyorder,delta,snappy,1,query13,OK,0.682,45
sirius,100,keyorder-delta-snappy,keyorder,delta,snappy,1,query14,OK,0.719,1
sirius,100,keyorder-delta-snappy,keyorder,delta,snappy,1,query15,OK,0.715,1
sirius,100,keyorder-delta-snappy,keyorder,delta,snappy,1,query16,OK,0.572,27840
sirius,100,keyorder-delta-snappy,keyorder,delta,snappy,1,query17,OK,2.097,1
sirius,100,keyorder-delta-snappy,keyorder,delta,snappy,1,query18,OK,0.903,100
sirius,100,keyorder-delta-snappy,keyorder,delta,snappy,1,query19,OK,4.416,1
sirius,100,keyorder-delta-snappy,keyorder,delta,snappy,1,query20,OK,1.905,17971
sirius,100,keyorder-delta-snappy,keyorder,delta,snappy,1,query21,OK,1.896,100
sirius,100,keyorder-delta-snappy,keyorder,delta,snappy,1,query22,OK,0.450,7
sirius,100,keyorder-delta-snappy,keyorder,delta,snappy,2,query1,OK,1.123,4
sirius,100,keyorder-delta-snappy,keyorder,delta,snappy,2,query2,OK,0.777,100
sirius,100,keyorder-delta-snappy,keyorder,delta,snappy,2,query3,OK,2.442,10
sirius,100,keyorder-delta-snappy,keyorder,delta,snappy,2,query4,OK,0.667,5
sirius,100,keyorder-delta-snappy,keyorder,delta,snappy,2,query5,OK,0.909,5
sirius,100,keyorder-delta-snappy,keyorder,delta,snappy,2,query6,OK,0.738,1
sirius,100,keyorder-delta-snappy,keyorder,delta,snappy,2,query7,OK,1.411,4
sirius,100,keyorder-delta-snappy,keyorder,delta,snappy,2,query8,OK,2.294,2
sirius,100,keyorder-delta-snappy,keyorder,delta,snappy,2,query9,OK,1.343,175
sirius,100,keyorder-delta-snappy,keyorder,delta,snappy,2,query10,OK,1.618,20
sirius,100,keyorder-delta-snappy,keyorder,delta,snappy,2,query11,OK,1.304,1706230
sirius,100,keyorder-delta-snappy,keyorder,delta,snappy,2,query12,OK,0.702,2
sirius,100,keyorder-delta-snappy,keyorder,delta,snappy,2,query13,OK,0.659,45
sirius,100,keyorder-delta-snappy,keyorder,delta,snappy,2,query14,OK,0.798,1
sirius,100,keyorder-delta-snappy,keyorder,delta,snappy,2,query15,OK,0.735,1
sirius,100,keyorder-delta-snappy,keyorder,delta,snappy,2,query16,OK,0.571,27840
sirius,100,keyorder-delta-snappy,keyorder,delta,snappy,2,query17,OK,2.125,1
sirius,100,keyorder-delta-snappy,keyorder,delta,snappy,2,query18,OK,0.999,100
sirius,100,keyorder-delta-snappy,keyorder,delta,snappy,2,query19,OK,4.880,1
sirius,100,keyorder-delta-snappy,keyorder,delta,snappy,2,query20,OK,1.625,17971
sirius,100,keyorder-delta-snappy,keyorder,delta,snappy,2,query21,OK,1.932,100
sirius,100,keyorder-delta-snappy,keyorder,delta,snappy,2,query22,OK,0.488,7
sirius,100,keyorder-delta-snappy,keyorder,delta,snappy,3,query1,OK,1.085,4
sirius,100,keyorder-delta-snappy,keyorder,delta,snappy,3,query2,OK,0.779,100
sirius,100,keyorder-delta-snappy,keyorder,delta,snappy,3,query3,OK,2.159,10
sirius,100,keyorder-delta-snappy,keyorder,delta,snappy,3,query4,OK,0.977,5
sirius,100,keyorder-delta-snappy,keyorder,delta,snappy,3,query5,OK,0.978,5
sirius,100,keyorder-delta-snappy,keyorder,delta,snappy,3,query6,OK,0.874,1
sirius,100,keyorder-delta-snappy,keyorder,delta,snappy,3,query7,OK,1.476,4
sirius,100,keyorder-delta-snappy,keyorder,delta,snappy,3,query8,OK,2.259,2
sirius,100,keyorder-delta-snappy,keyorder,delta,snappy,3,query9,OK,1.256,175
sirius,100,keyorder-delta-snappy,keyorder,delta,snappy,3,query10,OK,1.584,20
sirius,100,keyorder-delta-snappy,keyorder,delta,snappy,3,query11,OK,1.390,1706230
sirius,100,keyorder-delta-snappy,keyorder,delta,snappy,3,query12,OK,0.803,2
sirius,100,keyorder-delta-snappy,keyorder,delta,snappy,3,query13,OK,0.705,45
sirius,100,keyorder-delta-snappy,keyorder,delta,snappy,3,query14,OK,0.693,1
sirius,100,keyorder-delta-snappy,keyorder,delta,snappy,3,query15,OK,0.766,1
sirius,100,keyorder-delta-snappy,keyorder,delta,snappy,3,query16,OK,0.613,27840
sirius,100,keyorder-delta-snappy,keyorder,delta,snappy,3,query17,OK,2.100,1
sirius,100,keyorder-delta-snappy,keyorder,delta,snappy,3,query18,OK,0.902,100
sirius,100,keyorder-delta-snappy,keyorder,delta,snappy,3,query19,OK,4.140,1
sirius,100,keyorder-delta-snappy,keyorder,delta,snappy,3,query20,OK,1.613,17971
sirius,100,keyorder-delta-snappy,keyorder,delta,snappy,3,query21,OK,2.086,100
sirius,100,keyorder-delta-snappy,keyorder,delta,snappy,3,query22,OK,0.466,7
sirius,100,keyorder-dict-snappy,keyorder,dict,snappy,1,query1,OK,1.030,4
sirius,100,keyorder-dict-snappy,keyorder,dict,snappy,1,query2,OK,0.927,100
sirius,100,keyorder-dict-snappy,keyorder,dict,snappy,1,query3,OK,2.637,10
sirius,100,keyorder-dict-snappy,keyorder,dict,snappy,1,query4,OK,0.781,5
sirius,100,keyorder-dict-snappy,keyorder,dict,snappy,1,query5,OK,1.675,5
sirius,100,keyorder-dict-snappy,keyorder,dict,snappy,1,query6,OK,0.781,1
sirius,100,keyorder-dict-snappy,keyorder,dict,snappy,1,query7,OK,1.920,4
sirius,100,keyorder-dict-snappy,keyorder,dict,snappy,1,query8,OK,2.984,2
sirius,100,keyorder-dict-snappy,keyorder,dict,snappy,1,query9,OK,2.039,175
sirius,100,keyorder-dict-snappy,keyorder,dict,snappy,1,query10,OK,1.661,20
sirius,100,keyorder-dict-snappy,keyorder,dict,snappy,1,query11,OK,1.444,1706230
sirius,100,keyorder-dict-snappy,keyorder,dict,snappy,1,query12,OK,0.839,2
sirius,100,keyorder-dict-snappy,keyorder,dict,snappy,1,query13,OK,0.590,45
sirius,100,keyorder-dict-snappy,keyorder,dict,snappy,1,query14,OK,0.885,1
sirius,100,keyorder-dict-snappy,keyorder,dict,snappy,1,query15,OK,1.890,1
sirius,100,keyorder-dict-snappy,keyorder,dict,snappy,1,query16,OK,0.599,27840
sirius,100,keyorder-dict-snappy,keyorder,dict,snappy,1,query17,OK,2.541,1
sirius,100,keyorder-dict-snappy,keyorder,dict,snappy,1,query18,OK,1.155,100
sirius,100,keyorder-dict-snappy,keyorder,dict,snappy,1,query19,OK,4.082,1
sirius,100,keyorder-dict-snappy,keyorder,dict,snappy,1,query20,OK,1.758,17971
sirius,100,keyorder-dict-snappy,keyorder,dict,snappy,1,query21,OK,2.627,100
sirius,100,keyorder-dict-snappy,keyorder,dict,snappy,1,query22,OK,0.476,7
sirius,100,keyorder-dict-snappy,keyorder,dict,snappy,2,query1,OK,1.386,4
sirius,100,keyorder-dict-snappy,keyorder,dict,snappy,2,query2,OK,0.810,100
sirius,100,keyorder-dict-snappy,keyorder,dict,snappy,2,query3,OK,2.615,10
sirius,100,keyorder-dict-snappy,keyorder,dict,snappy,2,query4,OK,0.941,5
sirius,100,keyorder-dict-snappy,keyorder,dict,snappy,2,query5,OK,1.495,5
sirius,100,keyorder-dict-snappy,keyorder,dict,snappy,2,query6,OK,1.278,1
sirius,100,keyorder-dict-snappy,keyorder,dict,snappy,2,query7,OK,1.949,4
sirius,100,keyorder-dict-snappy,keyorder,dict,snappy,2,query8,OK,2.694,2
sirius,100,keyorder-dict-snappy,keyorder,dict,snappy,2,query9,OK,2.126,175
sirius,100,keyorder-dict-snappy,keyorder,dict,snappy,2,query10,OK,1.957,20
sirius,100,keyorder-dict-snappy,keyorder,dict,snappy,2,query11,OK,1.448,1706230
sirius,100,keyorder-dict-snappy,keyorder,dict,snappy,2,query12,OK,0.776,2
sirius,100,keyorder-dict-snappy,keyorder,dict,snappy,2,query13,OK,0.676,45
sirius,100,keyorder-dict-snappy,keyorder,dict,snappy,2,query14,OK,0.771,1
sirius,100,keyorder-dict-snappy,keyorder,dict,snappy,2,query15,OK,1.021,1
sirius,100,keyorder-dict-snappy,keyorder,dict,snappy,2,query16,OK,0.625,27840
sirius,100,keyorder-dict-snappy,keyorder,dict,snappy,2,query17,OK,2.196,1
sirius,100,keyorder-dict-snappy,keyorder,dict,snappy,2,query18,OK,1.174,100
sirius,100,keyorder-dict-snappy,keyorder,dict,snappy,2,query19,OK,4.582,1
sirius,100,keyorder-dict-snappy,keyorder,dict,snappy,2,query20,OK,1.795,17971
sirius,100,keyorder-dict-snappy,keyorder,dict,snappy,2,query21,OK,2.599,100
sirius,100,keyorder-dict-snappy,keyorder,dict,snappy,2,query22,OK,0.521,7
sirius,100,keyorder-dict-snappy,keyorder,dict,snappy,3,query1,OK,1.096,4
sirius,100,keyorder-dict-snappy,keyorder,dict,snappy,3,query2,OK,0.967,100
sirius,100,keyorder-dict-snappy,keyorder,dict,snappy,3,query3,OK,2.428,10
sirius,100,keyorder-dict-snappy,keyorder,dict,snappy,3,query4,OK,0.843,5
sirius,100,keyorder-dict-snappy,keyorder,dict,snappy,3,query5,OK,1.433,5
sirius,100,keyorder-dict-snappy,keyorder,dict,snappy,3,query6,OK,0.783,1
sirius,100,keyorder-dict-snappy,keyorder,dict,snappy,3,query7,OK,1.847,4
sirius,100,keyorder-dict-snappy,keyorder,dict,snappy,3,query8,OK,2.751,2
sirius,100,keyorder-dict-snappy,keyorder,dict,snappy,3,query9,OK,1.858,175
sirius,100,keyorder-dict-snappy,keyorder,dict,snappy,3,query10,OK,1.700,20
sirius,100,keyorder-dict-snappy,keyorder,dict,snappy,3,query11,OK,1.399,1706230
sirius,100,keyorder-dict-snappy,keyorder,dict,snappy,3,query12,OK,0.748,2
sirius,100,keyorder-dict-snappy,keyorder,dict,snappy,3,query13,OK,0.672,45
sirius,100,keyorder-dict-snappy,keyorder,dict,snappy,3,query14,OK,0.893,1
sirius,100,keyorder-dict-snappy,keyorder,dict,snappy,3,query15,OK,0.792,1
sirius,100,keyorder-dict-snappy,keyorder,dict,snappy,3,query16,OK,0.630,27840
sirius,100,keyorder-dict-snappy,keyorder,dict,snappy,3,query17,OK,2.323,1
sirius,100,keyorder-dict-snappy,keyorder,dict,snappy,3,query18,OK,1.216,100
sirius,100,keyorder-dict-snappy,keyorder,dict,snappy,3,query19,OK,5.323,1
sirius,100,keyorder-dict-snappy,keyorder,dict,snappy,3,query20,OK,1.779,17971
sirius,100,keyorder-dict-snappy,keyorder,dict,snappy,3,query21,OK,2.402,100
sirius,100,keyorder-dict-snappy,keyorder,dict,snappy,3,query22,OK,0.506,7
sirius,100,keyorder-plain-snappy,keyorder,plain,snappy,1,query1,OK,1.250,4
sirius,100,keyorder-plain-snappy,keyorder,plain,snappy,1,query2,OK,0.865,100
sirius,100,keyorder-plain-snappy,keyorder,plain,snappy,1,query3,OK,2.693,10
sirius,100,keyorder-plain-snappy,keyorder,plain,snappy,1,query4,OK,1.025,5
sirius,100,keyorder-plain-snappy,keyorder,plain,snappy,1,query5,OK,1.359,5
sirius,100,keyorder-plain-snappy,keyorder,plain,snappy,1,query6,OK,1.025,1
sirius,100,keyorder-plain-snappy,keyorder,plain,snappy,1,query7,OK,2.112,4
sirius,100,keyorder-plain-snappy,keyorder,plain,snappy,1,query8,OK,2.885,2
sirius,100,keyorder-plain-snappy,keyorder,plain,snappy,1,query9,OK,1.906,175
sirius,100,keyorder-plain-snappy,keyorder,plain,snappy,1,query10,OK,1.915,20
sirius,100,keyorder-plain-snappy,keyorder,plain,snappy,1,query11,OK,1.409,1706230
sirius,100,keyorder-plain-snappy,keyorder,plain,snappy,1,query12,OK,0.982,2
sirius,100,keyorder-plain-snappy,keyorder,plain,snappy,1,query13,OK,0.673,45
sirius,100,keyorder-plain-snappy,keyorder,plain,snappy,1,query14,OK,1.041,1
sirius,100,keyorder-plain-snappy,keyorder,plain,snappy,1,query15,OK,0.955,1
sirius,100,keyorder-plain-snappy,keyorder,plain,snappy,1,query16,OK,0.600,27840
sirius,100,keyorder-plain-snappy,keyorder,plain,snappy,1,query17,OK,2.482,1
sirius,100,keyorder-plain-snappy,keyorder,plain,snappy,1,query18,OK,1.018,100
sirius,100,keyorder-plain-snappy,keyorder,plain,snappy,1,query19,OK,5.205,1
sirius,100,keyorder-plain-snappy,keyorder,plain,snappy,1,query20,OK,1.845,17971
sirius,100,keyorder-plain-snappy,keyorder,plain,snappy,1,query21,OK,2.723,100
sirius,100,keyorder-plain-snappy,keyorder,plain,snappy,1,query22,OK,0.527,7
sirius,100,keyorder-plain-snappy,keyorder,plain,snappy,2,query1,OK,1.427,4
sirius,100,keyorder-plain-snappy,keyorder,plain,snappy,2,query2,OK,0.858,100
sirius,100,keyorder-plain-snappy,keyorder,plain,snappy,2,query3,OK,2.551,10
sirius,100,keyorder-plain-snappy,keyorder,plain,snappy,2,query4,OK,1.001,5
sirius,100,keyorder-plain-snappy,keyorder,plain,snappy,2,query5,OK,1.529,5
sirius,100,keyorder-plain-snappy,keyorder,plain,snappy,2,query6,OK,0.889,1
sirius,100,keyorder-plain-snappy,keyorder,plain,snappy,2,query7,OK,1.880,4
sirius,100,keyorder-plain-snappy,keyorder,plain,snappy,2,query8,OK,2.588,2
sirius,100,keyorder-plain-snappy,keyorder,plain,snappy,2,query9,OK,1.677,175
sirius,100,keyorder-plain-snappy,keyorder,plain,snappy,2,query10,OK,2.005,20
sirius,100,keyorder-plain-snappy,keyorder,plain,snappy,2,query11,OK,1.514,1706230
sirius,100,keyorder-plain-snappy,keyorder,plain,snappy,2,query12,OK,1.041,2
sirius,100,keyorder-plain-snappy,keyorder,plain,snappy,2,query13,OK,0.708,45
sirius,100,keyorder-plain-snappy,keyorder,plain,snappy,2,query14,OK,0.986,1
sirius,100,keyorder-plain-snappy,keyorder,plain,snappy,2,query15,OK,1.035,1
sirius,100,keyorder-plain-snappy,keyorder,plain,snappy,2,query16,OK,0.611,27840
sirius,100,keyorder-plain-snappy,keyorder,plain,snappy,2,query17,OK,2.439,1
sirius,100,keyorder-plain-snappy,keyorder,plain,snappy,2,query18,OK,1.185,100
sirius,100,keyorder-plain-snappy,keyorder,plain,snappy,2,query19,OK,5.424,1
sirius,100,keyorder-plain-snappy,keyorder,plain,snappy,2,query20,OK,1.874,17971
sirius,100,keyorder-plain-snappy,keyorder,plain,snappy,2,query21,OK,2.605,100
sirius,100,keyorder-plain-snappy,keyorder,plain,snappy,2,query22,OK,0.525,7
sirius,100,keyorder-plain-snappy,keyorder,plain,snappy,3,query1,OK,1.331,4
sirius,100,keyorder-plain-snappy,keyorder,plain,snappy,3,query2,OK,0.858,100
sirius,100,keyorder-plain-snappy,keyorder,plain,snappy,3,query3,OK,2.394,10
sirius,100,keyorder-plain-snappy,keyorder,plain,snappy,3,query4,OK,0.894,5
sirius,100,keyorder-plain-snappy,keyorder,plain,snappy,3,query5,OK,1.370,5
sirius,100,keyorder-plain-snappy,keyorder,plain,snappy,3,query6,OK,1.182,1
sirius,100,keyorder-plain-snappy,keyorder,plain,snappy,3,query7,OK,1.865,4
sirius,100,keyorder-plain-snappy,keyorder,plain,snappy,3,query8,OK,2.727,2
sirius,100,keyorder-plain-snappy,keyorder,plain,snappy,3,query9,OK,1.923,175
sirius,100,keyorder-plain-snappy,keyorder,plain,snappy,3,query10,OK,1.828,20
sirius,100,keyorder-plain-snappy,keyorder,plain,snappy,3,query11,OK,1.433,1706230
sirius,100,keyorder-plain-snappy,keyorder,plain,snappy,3,query12,OK,1.009,2
sirius,100,keyorder-plain-snappy,keyorder,plain,snappy,3,query13,OK,0.678,45
sirius,100,keyorder-plain-snappy,keyorder,plain,snappy,3,query14,OK,0.925,1
sirius,100,keyorder-plain-snappy,keyorder,plain,snappy,3,query15,OK,0.959,1
sirius,100,keyorder-plain-snappy,keyorder,plain,snappy,3,query16,OK,0.581,27840
sirius,100,keyorder-plain-snappy,keyorder,plain,snappy,3,query17,OK,2.363,1
sirius,100,keyorder-plain-snappy,keyorder,plain,snappy,3,query18,OK,1.123,100
sirius,100,keyorder-plain-snappy,keyorder,plain,snappy,3,query19,OK,4.854,1
sirius,100,keyorder-plain-snappy,keyorder,plain,snappy,3,query20,OK,2.174,17971
sirius,100,keyorder-plain-snappy,keyorder,plain,snappy,3,query21,OK,2.543,100
sirius,100,keyorder-plain-snappy,keyorder,plain,snappy,3,query22,OK,0.586,7
sirius,100,shuffle-delta-lz4raw,shuffle,delta,lz4raw,1,query1,OK,1.154,4
sirius,100,shuffle-delta-lz4raw,shuffle,delta,lz4raw,1,query2,OK,0.825,100
sirius,100,shuffle-delta-lz4raw,shuffle,delta,lz4raw,1,query3,OK,2.251,10
sirius,100,shuffle-delta-lz4raw,shuffle,delta,lz4raw,1,query4,OK,0.743,5
sirius,100,shuffle-delta-lz4raw,shuffle,delta,lz4raw,1,query5,OK,1.116,5
sirius,100,shuffle-delta-lz4raw,shuffle,delta,lz4raw,1,query6,OK,0.752,1
sirius,100,shuffle-delta-lz4raw,shuffle,delta,lz4raw,1,query7,OK,1.541,4
sirius,100,shuffle-delta-lz4raw,shuffle,delta,lz4raw,1,query8,OK,2.646,2
sirius,100,shuffle-delta-lz4raw,shuffle,delta,lz4raw,1,query9,OK,1.503,175
sirius,100,shuffle-delta-lz4raw,shuffle,delta,lz4raw,1,query10,OK,1.630,20
sirius,100,shuffle-delta-lz4raw,shuffle,delta,lz4raw,1,query11,OK,1.366,1706230
sirius,100,shuffle-delta-lz4raw,shuffle,delta,lz4raw,1,query12,OK,0.921,2
sirius,100,shuffle-delta-lz4raw,shuffle,delta,lz4raw,1,query13,OK,0.912,45
sirius,100,shuffle-delta-lz4raw,shuffle,delta,lz4raw,1,query14,OK,0.682,1
sirius,100,shuffle-delta-lz4raw,shuffle,delta,lz4raw,1,query15,OK,0.811,1
sirius,100,shuffle-delta-lz4raw,shuffle,delta,lz4raw,1,query16,OK,0.653,27840
sirius,100,shuffle-delta-lz4raw,shuffle,delta,lz4raw,1,query17,OK,2.055,1
sirius,100,shuffle-delta-lz4raw,shuffle,delta,lz4raw,1,query18,OK,1.204,100
sirius,100,shuffle-delta-lz4raw,shuffle,delta,lz4raw,1,query19,OK,5.619,1
sirius,100,shuffle-delta-lz4raw,shuffle,delta,lz4raw,1,query20,OK,1.650,17971
sirius,100,shuffle-delta-lz4raw,shuffle,delta,lz4raw,1,query21,OK,2.379,100
sirius,100,shuffle-delta-lz4raw,shuffle,delta,lz4raw,1,query22,OK,0.478,7
sirius,100,shuffle-delta-lz4raw,shuffle,delta,lz4raw,2,query1,OK,1.166,4
sirius,100,shuffle-delta-lz4raw,shuffle,delta,lz4raw,2,query2,OK,0.820,100
sirius,100,shuffle-delta-lz4raw,shuffle,delta,lz4raw,2,query3,OK,2.257,10
sirius,100,shuffle-delta-lz4raw,shuffle,delta,lz4raw,2,query4,OK,0.706,5
sirius,100,shuffle-delta-lz4raw,shuffle,delta,lz4raw,2,query5,OK,1.180,5
sirius,100,shuffle-delta-lz4raw,shuffle,delta,lz4raw,2,query6,OK,0.714,1
sirius,100,shuffle-delta-lz4raw,shuffle,delta,lz4raw,2,query7,OK,1.556,4
sirius,100,shuffle-delta-lz4raw,shuffle,delta,lz4raw,2,query8,OK,2.446,2
sirius,100,shuffle-delta-lz4raw,shuffle,delta,lz4raw,2,query9,OK,1.410,175
sirius,100,shuffle-delta-lz4raw,shuffle,delta,lz4raw,2,query10,OK,1.874,20
sirius,100,shuffle-delta-lz4raw,shuffle,delta,lz4raw,2,query11,OK,1.353,1706230
sirius,100,shuffle-delta-lz4raw,shuffle,delta,lz4raw,2,query12,OK,0.889,2
sirius,100,shuffle-delta-lz4raw,shuffle,delta,lz4raw,2,query13,OK,0.892,45
sirius,100,shuffle-delta-lz4raw,shuffle,delta,lz4raw,2,query14,OK,0.697,1
sirius,100,shuffle-delta-lz4raw,shuffle,delta,lz4raw,2,query15,OK,0.726,1
sirius,100,shuffle-delta-lz4raw,shuffle,delta,lz4raw,2,query16,OK,0.708,27840
sirius,100,shuffle-delta-lz4raw,shuffle,delta,lz4raw,2,query17,OK,2.102,1
sirius,100,shuffle-delta-lz4raw,shuffle,delta,lz4raw,2,query18,OK,1.337,100
sirius,100,shuffle-delta-lz4raw,shuffle,delta,lz4raw,2,query19,OK,4.319,1
sirius,100,shuffle-delta-lz4raw,shuffle,delta,lz4raw,2,query20,OK,1.589,17971
sirius,100,shuffle-delta-lz4raw,shuffle,delta,lz4raw,2,query21,OK,2.194,100
sirius,100,shuffle-delta-lz4raw,shuffle,delta,lz4raw,2,query22,OK,0.468,7
sirius,100,shuffle-delta-lz4raw,shuffle,delta,lz4raw,3,query1,OK,1.178,4
sirius,100,shuffle-delta-lz4raw,shuffle,delta,lz4raw,3,query2,OK,0.896,100
sirius,100,shuffle-delta-lz4raw,shuffle,delta,lz4raw,3,query3,OK,2.354,10
sirius,100,shuffle-delta-lz4raw,shuffle,delta,lz4raw,3,query4,OK,0.922,5
sirius,100,shuffle-delta-lz4raw,shuffle,delta,lz4raw,3,query5,OK,1.118,5
sirius,100,shuffle-delta-lz4raw,shuffle,delta,lz4raw,3,query6,OK,0.756,1
sirius,100,shuffle-delta-lz4raw,shuffle,delta,lz4raw,3,query7,OK,1.545,4
sirius,100,shuffle-delta-lz4raw,shuffle,delta,lz4raw,3,query8,OK,2.407,2
sirius,100,shuffle-delta-lz4raw,shuffle,delta,lz4raw,3,query9,OK,1.629,175
sirius,100,shuffle-delta-lz4raw,shuffle,delta,lz4raw,3,query10,OK,1.938,20
sirius,100,shuffle-delta-lz4raw,shuffle,delta,lz4raw,3,query11,OK,1.356,1706230
sirius,100,shuffle-delta-lz4raw,shuffle,delta,lz4raw,3,query12,OK,0.901,2
sirius,100,shuffle-delta-lz4raw,shuffle,delta,lz4raw,3,query13,OK,0.977,45
sirius,100,shuffle-delta-lz4raw,shuffle,delta,lz4raw,3,query14,OK,0.690,1
sirius,100,shuffle-delta-lz4raw,shuffle,delta,lz4raw,3,query15,OK,0.699,1
sirius,100,shuffle-delta-lz4raw,shuffle,delta,lz4raw,3,query16,OK,0.679,27840
sirius,100,shuffle-delta-lz4raw,shuffle,delta,lz4raw,3,query17,OK,1.945,1
sirius,100,shuffle-delta-lz4raw,shuffle,delta,lz4raw,3,query18,OK,1.161,100
sirius,100,shuffle-delta-lz4raw,shuffle,delta,lz4raw,3,query19,OK,4.258,1
sirius,100,shuffle-delta-lz4raw,shuffle,delta,lz4raw,3,query20,OK,1.617,17971
sirius,100,shuffle-delta-lz4raw,shuffle,delta,lz4raw,3,query21,OK,2.086,100
sirius,100,shuffle-delta-lz4raw,shuffle,delta,lz4raw,3,query22,OK,0.774,7
sirius,100,shuffle-delta-snappy,shuffle,delta,snappy,1,query1,OK,1.114,4
sirius,100,shuffle-delta-snappy,shuffle,delta,snappy,1,query2,OK,0.842,100
sirius,100,shuffle-delta-snappy,shuffle,delta,snappy,1,query3,OK,2.575,10
sirius,100,shuffle-delta-snappy,shuffle,delta,snappy,1,query4,OK,0.733,5
sirius,100,shuffle-delta-snappy,shuffle,delta,snappy,1,query5,OK,1.207,5
sirius,100,shuffle-delta-snappy,shuffle,delta,snappy,1,query6,OK,0.813,1
sirius,100,shuffle-delta-snappy,shuffle,delta,snappy,1,query7,OK,1.723,4
sirius,100,shuffle-delta-snappy,shuffle,delta,snappy,1,query8,OK,2.971,2
sirius,100,shuffle-delta-snappy,shuffle,delta,snappy,1,query9,OK,1.613,175
sirius,100,shuffle-delta-snappy,shuffle,delta,snappy,1,query10,OK,1.804,20
sirius,100,shuffle-delta-snappy,shuffle,delta,snappy,1,query11,OK,1.453,1706230
sirius,100,shuffle-delta-snappy,shuffle,delta,snappy,1,query12,OK,0.904,2
sirius,100,shuffle-delta-snappy,shuffle,delta,snappy,1,query13,OK,0.668,45
sirius,100,shuffle-delta-snappy,shuffle,delta,snappy,1,query14,OK,0.714,1
sirius,100,shuffle-delta-snappy,shuffle,delta,snappy,1,query15,OK,1.741,1
sirius,100,shuffle-delta-snappy,shuffle,delta,snappy,1,query16,OK,0.600,27840
sirius,100,shuffle-delta-snappy,shuffle,delta,snappy,1,query17,OK,1.918,1
sirius,100,shuffle-delta-snappy,shuffle,delta,snappy,1,query18,OK,1.117,100
sirius,100,shuffle-delta-snappy,shuffle,delta,snappy,1,query19,OK,4.182,1
sirius,100,shuffle-delta-snappy,shuffle,delta,snappy,1,query20,OK,1.499,17971
sirius,100,shuffle-delta-snappy,shuffle,delta,snappy,1,query21,OK,2.063,100
sirius,100,shuffle-delta-snappy,shuffle,delta,snappy,1,query22,OK,0.462,7
sirius,100,shuffle-delta-snappy,shuffle,delta,snappy,2,query1,OK,1.157,4
sirius,100,shuffle-delta-snappy,shuffle,delta,snappy,2,query2,OK,0.932,100
sirius,100,shuffle-delta-snappy,shuffle,delta,snappy,2,query3,OK,2.258,10
sirius,100,shuffle-delta-snappy,shuffle,delta,snappy,2,query4,OK,0.820,5
sirius,100,shuffle-delta-snappy,shuffle,delta,snappy,2,query5,OK,1.126,5
sirius,100,shuffle-delta-snappy,shuffle,delta,snappy,2,query6,OK,0.775,1
sirius,100,shuffle-delta-snappy,shuffle,delta,snappy,2,query7,OK,1.646,4
sirius,100,shuffle-delta-snappy,shuffle,delta,snappy,2,query8,OK,2.513,2
sirius,100,shuffle-delta-snappy,shuffle,delta,snappy,2,query9,OK,1.421,175
sirius,100,shuffle-delta-snappy,shuffle,delta,snappy,2,query10,OK,1.939,20
sirius,100,shuffle-delta-snappy,shuffle,delta,snappy,2,query11,OK,1.419,1706230
sirius,100,shuffle-delta-snappy,shuffle,delta,snappy,2,query12,OK,0.888,2
sirius,100,shuffle-delta-snappy,shuffle,delta,snappy,2,query13,OK,0.678,45
sirius,100,shuffle-delta-snappy,shuffle,delta,snappy,2,query14,OK,0.694,1
sirius,100,shuffle-delta-snappy,shuffle,delta,snappy,2,query15,OK,0.728,1
sirius,100,shuffle-delta-snappy,shuffle,delta,snappy,2,query16,OK,0.661,27840
sirius,100,shuffle-delta-snappy,shuffle,delta,snappy,2,query17,OK,2.124,1
sirius,100,shuffle-delta-snappy,shuffle,delta,snappy,2,query18,OK,1.408,100
sirius,100,shuffle-delta-snappy,shuffle,delta,snappy,2,query19,OK,4.283,1
sirius,100,shuffle-delta-snappy,shuffle,delta,snappy,2,query20,OK,1.635,17971
sirius,100,shuffle-delta-snappy,shuffle,delta,snappy,2,query21,OK,2.166,100
sirius,100,shuffle-delta-snappy,shuffle,delta,snappy,2,query22,OK,0.504,7
sirius,100,shuffle-delta-snappy,shuffle,delta,snappy,3,query1,OK,1.112,4
sirius,100,shuffle-delta-snappy,shuffle,delta,snappy,3,query2,OK,0.874,100
sirius,100,shuffle-delta-snappy,shuffle,delta,snappy,3,query3,OK,2.185,10
sirius,100,shuffle-delta-snappy,shuffle,delta,snappy,3,query4,OK,0.721,5
sirius,100,shuffle-delta-snappy,shuffle,delta,snappy,3,query5,OK,1.102,5
sirius,100,shuffle-delta-snappy,shuffle,delta,snappy,3,query6,OK,1.051,1
sirius,100,shuffle-delta-snappy,shuffle,delta,snappy,3,query7,OK,1.396,4
sirius,100,shuffle-delta-snappy,shuffle,delta,snappy,3,query8,OK,3.017,2
sirius,100,shuffle-delta-snappy,shuffle,delta,snappy,3,query9,OK,1.413,175
sirius,100,shuffle-delta-snappy,shuffle,delta,snappy,3,query10,OK,1.661,20
sirius,100,shuffle-delta-snappy,shuffle,delta,snappy,3,query11,OK,1.493,1706230
sirius,100,shuffle-delta-snappy,shuffle,delta,snappy,3,query12,OK,0.880,2
sirius,100,shuffle-delta-snappy,shuffle,delta,snappy,3,query13,OK,0.664,45
sirius,100,shuffle-delta-snappy,shuffle,delta,snappy,3,query14,OK,0.725,1
sirius,100,shuffle-delta-snappy,shuffle,delta,snappy,3,query15,OK,0.738,1
sirius,100,shuffle-delta-snappy,shuffle,delta,snappy,3,query16,OK,0.677,27840
sirius,100,shuffle-delta-snappy,shuffle,delta,snappy,3,query17,OK,2.326,1
sirius,100,shuffle-delta-snappy,shuffle,delta,snappy,3,query18,OK,1.251,100
sirius,100,shuffle-delta-snappy,shuffle,delta,snappy,3,query19,OK,4.502,1
sirius,100,shuffle-delta-snappy,shuffle,delta,snappy,3,query20,OK,1.679,17971
sirius,100,shuffle-delta-snappy,shuffle,delta,snappy,3,query21,OK,2.179,100
sirius,100,shuffle-delta-snappy,shuffle,delta,snappy,3,query22,OK,0.549,7
sirius,100,shuffle-delta-zstd,shuffle,delta,zstd,1,query1,OK,1.110,4
sirius,100,shuffle-delta-zstd,shuffle,delta,zstd,1,query2,OK,0.883,100
sirius,100,shuffle-delta-zstd,shuffle,delta,zstd,1,query3,OK,3.290,10
sirius,100,shuffle-delta-zstd,shuffle,delta,zstd,1,query4,OK,0.688,5
sirius,100,shuffle-delta-zstd,shuffle,delta,zstd,1,query5,OK,1.101,5
sirius,100,shuffle-delta-zstd,shuffle,delta,zstd,1,query6,OK,0.832,1
sirius,100,shuffle-delta-zstd,shuffle,delta,zstd,1,query7,OK,1.488,4
sirius,100,shuffle-delta-zstd,shuffle,delta,zstd,1,query8,OK,2.366,2
sirius,100,shuffle-delta-zstd,shuffle,delta,zstd,1,query9,OK,1.469,175
sirius,100,shuffle-delta-zstd,shuffle,delta,zstd,1,query10,OK,1.603,20
sirius,100,shuffle-delta-zstd,shuffle,delta,zstd,1,query11,OK,1.350,1706230
sirius,100,shuffle-delta-zstd,shuffle,delta,zstd,1,query12,OK,1.280,2
sirius,100,shuffle-delta-zstd,shuffle,delta,zstd,1,query13,OK,0.745,45
sirius,100,shuffle-delta-zstd,shuffle,delta,zstd,1,query14,OK,0.701,1
sirius,100,shuffle-delta-zstd,shuffle,delta,zstd,1,query15,OK,0.651,1
sirius,100,shuffle-delta-zstd,shuffle,delta,zstd,1,query16,OK,0.623,27840
sirius,100,shuffle-delta-zstd,shuffle,delta,zstd,1,query17,OK,1.967,1
sirius,100,shuffle-delta-zstd,shuffle,delta,zstd,1,query18,OK,1.339,100
sirius,100,shuffle-delta-zstd,shuffle,delta,zstd,1,query19,OK,4.317,1
sirius,100,shuffle-delta-zstd,shuffle,delta,zstd,1,query20,OK,1.638,17971
sirius,100,shuffle-delta-zstd,shuffle,delta,zstd,1,query21,OK,2.132,100
sirius,100,shuffle-delta-zstd,shuffle,delta,zstd,1,query22,OK,0.488,7
sirius,100,shuffle-delta-zstd,shuffle,delta,zstd,2,query1,OK,1.130,4
sirius,100,shuffle-delta-zstd,shuffle,delta,zstd,2,query2,OK,0.900,100
sirius,100,shuffle-delta-zstd,shuffle,delta,zstd,2,query3,OK,2.127,10
sirius,100,shuffle-delta-zstd,shuffle,delta,zstd,2,query4,OK,0.770,5
sirius,100,shuffle-delta-zstd,shuffle,delta,zstd,2,query5,OK,1.109,5
sirius,100,shuffle-delta-zstd,shuffle,delta,zstd,2,query6,OK,0.711,1
sirius,100,shuffle-delta-zstd,shuffle,delta,zstd,2,query7,OK,1.446,4
sirius,100,shuffle-delta-zstd,shuffle,delta,zstd,2,query8,OK,2.159,2
sirius,100,shuffle-delta-zstd,shuffle,delta,zstd,2,query9,OK,1.647,175
sirius,100,shuffle-delta-zstd,shuffle,delta,zstd,2,query10,OK,1.703,20
sirius,100,shuffle-delta-zstd,shuffle,delta,zstd,2,query11,OK,1.340,1706230
sirius,100,shuffle-delta-zstd,shuffle,delta,zstd,2,query12,OK,0.923,2
sirius,100,shuffle-delta-zstd,shuffle,delta,zstd,2,query13,OK,0.698,45
sirius,100,shuffle-delta-zstd,shuffle,delta,zstd,2,query14,OK,0.699,1
sirius,100,shuffle-delta-zstd,shuffle,delta,zstd,2,query15,OK,0.703,1
sirius,100,shuffle-delta-zstd,shuffle,delta,zstd,2,query16,OK,0.589,27840
sirius,100,shuffle-delta-zstd,shuffle,delta,zstd,2,query17,OK,1.958,1
sirius,100,shuffle-delta-zstd,shuffle,delta,zstd,2,query18,OK,1.180,100
sirius,100,shuffle-delta-zstd,shuffle,delta,zstd,2,query19,OK,4.536,1
sirius,100,shuffle-delta-zstd,shuffle,delta,zstd,2,query20,OK,1.607,17971
sirius,100,shuffle-delta-zstd,shuffle,delta,zstd,2,query21,OK,2.267,100
sirius,100,shuffle-delta-zstd,shuffle,delta,zstd,2,query22,OK,0.461,7
sirius,100,shuffle-delta-zstd,shuffle,delta,zstd,3,query1,OK,1.178,4
sirius,100,shuffle-delta-zstd,shuffle,delta,zstd,3,query2,OK,0.884,100
sirius,100,shuffle-delta-zstd,shuffle,delta,zstd,3,query3,OK,2.335,10
sirius,100,shuffle-delta-zstd,shuffle,delta,zstd,3,query4,OK,0.770,5
sirius,100,shuffle-delta-zstd,shuffle,delta,zstd,3,query5,OK,1.451,5
sirius,100,shuffle-delta-zstd,shuffle,delta,zstd,3,query6,OK,0.799,1
sirius,100,shuffle-delta-zstd,shuffle,delta,zstd,3,query7,OK,1.464,4
sirius,100,shuffle-delta-zstd,shuffle,delta,zstd,3,query8,OK,2.471,2
sirius,100,shuffle-delta-zstd,shuffle,delta,zstd,3,query9,OK,1.751,175
sirius,100,shuffle-delta-zstd,shuffle,delta,zstd,3,query10,OK,1.619,20
sirius,100,shuffle-delta-zstd,shuffle,delta,zstd,3,query11,OK,1.386,1706230
sirius,100,shuffle-delta-zstd,shuffle,delta,zstd,3,query12,OK,0.866,2
sirius,100,shuffle-delta-zstd,shuffle,delta,zstd,3,query13,OK,0.735,45
sirius,100,shuffle-delta-zstd,shuffle,delta,zstd,3,query14,OK,0.767,1
sirius,100,shuffle-delta-zstd,shuffle,delta,zstd,3,query15,OK,0.721,1
sirius,100,shuffle-delta-zstd,shuffle,delta,zstd,3,query16,OK,0.859,27840
sirius,100,shuffle-delta-zstd,shuffle,delta,zstd,3,query17,OK,2.123,1
sirius,100,shuffle-delta-zstd,shuffle,delta,zstd,3,query18,OK,1.198,100
sirius,100,shuffle-delta-zstd,shuffle,delta,zstd,3,query19,OK,4.295,1
sirius,100,shuffle-delta-zstd,shuffle,delta,zstd,3,query20,OK,1.585,17971
sirius,100,shuffle-delta-zstd,shuffle,delta,zstd,3,query21,OK,2.135,100
sirius,100,shuffle-delta-zstd,shuffle,delta,zstd,3,query22,OK,0.667,7
sirius,100,shuffle-dict-lz4raw,shuffle,dict,lz4raw,1,query1,OK,1.125,4
sirius,100,shuffle-dict-lz4raw,shuffle,dict,lz4raw,1,query2,OK,0.954,100
sirius,100,shuffle-dict-lz4raw,shuffle,dict,lz4raw,1,query3,OK,2.619,10
sirius,100,shuffle-dict-lz4raw,shuffle,dict,lz4raw,1,query4,OK,0.929,5
sirius,100,shuffle-dict-lz4raw,shuffle,dict,lz4raw,1,query5,OK,1.644,5
sirius,100,shuffle-dict-lz4raw,shuffle,dict,lz4raw,1,query6,OK,0.825,1
sirius,100,shuffle-dict-lz4raw,shuffle,dict,lz4raw,1,query7,OK,1.966,4
sirius,100,shuffle-dict-lz4raw,shuffle,dict,lz4raw,1,query8,OK,2.851,2
sirius,100,shuffle-dict-lz4raw,shuffle,dict,lz4raw,1,query9,OK,2.213,175
sirius,100,shuffle-dict-lz4raw,shuffle,dict,lz4raw,1,query10,OK,1.830,20
sirius,100,shuffle-dict-lz4raw,shuffle,dict,lz4raw,1,query11,OK,1.772,1706230
sirius,100,shuffle-dict-lz4raw,shuffle,dict,lz4raw,1,query12,OK,0.857,2
sirius,100,shuffle-dict-lz4raw,shuffle,dict,lz4raw,1,query13,OK,0.820,45
sirius,100,shuffle-dict-lz4raw,shuffle,dict,lz4raw,1,query14,OK,0.847,1
sirius,100,shuffle-dict-lz4raw,shuffle,dict,lz4raw,1,query15,OK,0.846,1
sirius,100,shuffle-dict-lz4raw,shuffle,dict,lz4raw,1,query16,OK,0.652,27840
sirius,100,shuffle-dict-lz4raw,shuffle,dict,lz4raw,1,query17,OK,2.261,1
sirius,100,shuffle-dict-lz4raw,shuffle,dict,lz4raw,1,query18,OK,1.707,100
sirius,100,shuffle-dict-lz4raw,shuffle,dict,lz4raw,1,query19,OK,4.430,1
sirius,100,shuffle-dict-lz4raw,shuffle,dict,lz4raw,1,query20,OK,2.085,17971
sirius,100,shuffle-dict-lz4raw,shuffle,dict,lz4raw,1,query21,OK,2.701,100
sirius,100,shuffle-dict-lz4raw,shuffle,dict,lz4raw,1,query22,OK,0.519,7
sirius,100,shuffle-dict-lz4raw,shuffle,dict,lz4raw,2,query1,OK,1.103,4
sirius,100,shuffle-dict-lz4raw,shuffle,dict,lz4raw,2,query2,OK,0.948,100
sirius,100,shuffle-dict-lz4raw,shuffle,dict,lz4raw,2,query3,OK,2.334,10
sirius,100,shuffle-dict-lz4raw,shuffle,dict,lz4raw,2,query4,OK,0.867,5
sirius,100,shuffle-dict-lz4raw,shuffle,dict,lz4raw,2,query5,OK,1.708,5
sirius,100,shuffle-dict-lz4raw,shuffle,dict,lz4raw,2,query6,OK,0.885,1
sirius,100,shuffle-dict-lz4raw,shuffle,dict,lz4raw,2,query7,OK,1.798,4
sirius,100,shuffle-dict-lz4raw,shuffle,dict,lz4raw,2,query8,OK,2.634,2
sirius,100,shuffle-dict-lz4raw,shuffle,dict,lz4raw,2,query9,OK,1.882,175
sirius,100,shuffle-dict-lz4raw,shuffle,dict,lz4raw,2,query10,OK,1.976,20
sirius,100,shuffle-dict-lz4raw,shuffle,dict,lz4raw,2,query11,OK,1.430,1706230
sirius,100,shuffle-dict-lz4raw,shuffle,dict,lz4raw,2,query12,OK,0.899,2
sirius,100,shuffle-dict-lz4raw,shuffle,dict,lz4raw,2,query13,OK,0.889,45
sirius,100,shuffle-dict-lz4raw,shuffle,dict,lz4raw,2,query14,OK,0.794,1
sirius,100,shuffle-dict-lz4raw,shuffle,dict,lz4raw,2,query15,OK,0.980,1
sirius,100,shuffle-dict-lz4raw,shuffle,dict,lz4raw,2,query16,OK,0.659,27840
sirius,100,shuffle-dict-lz4raw,shuffle,dict,lz4raw,2,query17,OK,2.090,1
sirius,100,shuffle-dict-lz4raw,shuffle,dict,lz4raw,2,query18,OK,1.561,100
sirius,100,shuffle-dict-lz4raw,shuffle,dict,lz4raw,2,query19,OK,4.384,1
sirius,100,shuffle-dict-lz4raw,shuffle,dict,lz4raw,2,query20,OK,1.908,17971
sirius,100,shuffle-dict-lz4raw,shuffle,dict,lz4raw,2,query21,OK,2.728,100
sirius,100,shuffle-dict-lz4raw,shuffle,dict,lz4raw,2,query22,OK,0.473,7
sirius,100,shuffle-dict-lz4raw,shuffle,dict,lz4raw,3,query1,OK,1.063,4
sirius,100,shuffle-dict-lz4raw,shuffle,dict,lz4raw,3,query2,OK,1.098,100
sirius,100,shuffle-dict-lz4raw,shuffle,dict,lz4raw,3,query3,OK,2.595,10
sirius,100,shuffle-dict-lz4raw,shuffle,dict,lz4raw,3,query4,OK,0.829,5
sirius,100,shuffle-dict-lz4raw,shuffle,dict,lz4raw,3,query5,OK,1.526,5
sirius,100,shuffle-dict-lz4raw,shuffle,dict,lz4raw,3,query6,OK,0.896,1
sirius,100,shuffle-dict-lz4raw,shuffle,dict,lz4raw,3,query7,OK,1.879,4
sirius,100,shuffle-dict-lz4raw,shuffle,dict,lz4raw,3,query8,OK,3.253,2
sirius,100,shuffle-dict-lz4raw,shuffle,dict,lz4raw,3,query9,OK,2.066,175
sirius,100,shuffle-dict-lz4raw,shuffle,dict,lz4raw,3,query10,OK,1.909,20
sirius,100,shuffle-dict-lz4raw,shuffle,dict,lz4raw,3,query11,OK,1.501,1706230
sirius,100,shuffle-dict-lz4raw,shuffle,dict,lz4raw,3,query12,OK,0.918,2
sirius,100,shuffle-dict-lz4raw,shuffle,dict,lz4raw,3,query13,OK,0.912,45
sirius,100,shuffle-dict-lz4raw,shuffle,dict,lz4raw,3,query14,OK,1.267,1
sirius,100,shuffle-dict-lz4raw,shuffle,dict,lz4raw,3,query15,OK,0.911,1
sirius,100,shuffle-dict-lz4raw,shuffle,dict,lz4raw,3,query16,OK,0.671,27840
sirius,100,shuffle-dict-lz4raw,shuffle,dict,lz4raw,3,query17,OK,2.182,1
sirius,100,shuffle-dict-lz4raw,shuffle,dict,lz4raw,3,query18,OK,1.699,100
sirius,100,shuffle-dict-lz4raw,shuffle,dict,lz4raw,3,query19,OK,4.451,1
sirius,100,shuffle-dict-lz4raw,shuffle,dict,lz4raw,3,query20,OK,2.047,17971
sirius,100,shuffle-dict-lz4raw,shuffle,dict,lz4raw,3,query21,OK,2.703,100
sirius,100,shuffle-dict-lz4raw,shuffle,dict,lz4raw,3,query22,OK,0.548,7
sirius,100,shuffle-dict-snappy,shuffle,dict,snappy,1,query1,OK,1.050,4
sirius,100,shuffle-dict-snappy,shuffle,dict,snappy,1,query2,OK,1.004,100
sirius,100,shuffle-dict-snappy,shuffle,dict,snappy,1,query3,OK,2.597,10
sirius,100,shuffle-dict-snappy,shuffle,dict,snappy,1,query4,OK,1.138,5
sirius,100,shuffle-dict-snappy,shuffle,dict,snappy,1,query5,OK,1.571,5
sirius,100,shuffle-dict-snappy,shuffle,dict,snappy,1,query6,OK,0.821,1
sirius,100,shuffle-dict-snappy,shuffle,dict,snappy,1,query7,OK,1.998,4
sirius,100,shuffle-dict-snappy,shuffle,dict,snappy,1,query8,OK,3.114,2
sirius,100,shuffle-dict-snappy,shuffle,dict,snappy,1,query9,OK,2.217,175
sirius,100,shuffle-dict-snappy,shuffle,dict,snappy,1,query10,OK,1.884,20
sirius,100,shuffle-dict-snappy,shuffle,dict,snappy,1,query11,OK,1.431,1706230
sirius,100,shuffle-dict-snappy,shuffle,dict,snappy,1,query12,OK,1.113,2
sirius,100,shuffle-dict-snappy,shuffle,dict,snappy,1,query13,OK,1.880,45
sirius,100,shuffle-dict-snappy,shuffle,dict,snappy,1,query14,OK,1.164,1
sirius,100,shuffle-dict-snappy,shuffle,dict,snappy,1,query15,OK,0.851,1
sirius,100,shuffle-dict-snappy,shuffle,dict,snappy,1,query16,OK,0.619,27840
sirius,100,shuffle-dict-snappy,shuffle,dict,snappy,1,query17,OK,2.284,1
sirius,100,shuffle-dict-snappy,shuffle,dict,snappy,1,query18,OK,1.437,100
sirius,100,shuffle-dict-snappy,shuffle,dict,snappy,1,query19,OK,4.345,1
sirius,100,shuffle-dict-snappy,shuffle,dict,snappy,1,query20,OK,2.137,17971
sirius,100,shuffle-dict-snappy,shuffle,dict,snappy,1,query21,OK,2.634,100
sirius,100,shuffle-dict-snappy,shuffle,dict,snappy,1,query22,OK,0.676,7
sirius,100,shuffle-dict-snappy,shuffle,dict,snappy,2,query1,OK,0.965,4
sirius,100,shuffle-dict-snappy,shuffle,dict,snappy,2,query2,OK,0.937,100
sirius,100,shuffle-dict-snappy,shuffle,dict,snappy,2,query3,OK,2.277,10
sirius,100,shuffle-dict-snappy,shuffle,dict,snappy,2,query4,OK,0.818,5
sirius,100,shuffle-dict-snappy,shuffle,dict,snappy,2,query5,OK,1.597,5
sirius,100,shuffle-dict-snappy,shuffle,dict,snappy,2,query6,OK,0.743,1
sirius,100,shuffle-dict-snappy,shuffle,dict,snappy,2,query7,OK,1.739,4
sirius,100,shuffle-dict-snappy,shuffle,dict,snappy,2,query8,OK,2.834,2
sirius,100,shuffle-dict-snappy,shuffle,dict,snappy,2,query9,OK,2.049,175
sirius,100,shuffle-dict-snappy,shuffle,dict,snappy,2,query10,OK,1.742,20
sirius,100,shuffle-dict-snappy,shuffle,dict,snappy,2,query11,OK,1.479,1706230
sirius,100,shuffle-dict-snappy,shuffle,dict,snappy,2,query12,OK,0.871,2
sirius,100,shuffle-dict-snappy,shuffle,dict,snappy,2,query13,OK,0.632,45
sirius,100,shuffle-dict-snappy,shuffle,dict,snappy,2,query14,OK,0.814,1
sirius,100,shuffle-dict-snappy,shuffle,dict,snappy,2,query15,OK,0.872,1
sirius,100,shuffle-dict-snappy,shuffle,dict,snappy,2,query16,OK,0.642,27840
sirius,100,shuffle-dict-snappy,shuffle,dict,snappy,2,query17,OK,2.214,1
sirius,100,shuffle-dict-snappy,shuffle,dict,snappy,2,query18,OK,1.568,100
sirius,100,shuffle-dict-snappy,shuffle,dict,snappy,2,query19,OK,4.287,1
sirius,100,shuffle-dict-snappy,shuffle,dict,snappy,2,query20,OK,1.769,17971
sirius,100,shuffle-dict-snappy,shuffle,dict,snappy,2,query21,OK,2.670,100
sirius,100,shuffle-dict-snappy,shuffle,dict,snappy,2,query22,OK,0.483,7
sirius,100,shuffle-dict-snappy,shuffle,dict,snappy,3,query1,OK,1.038,4
sirius,100,shuffle-dict-snappy,shuffle,dict,snappy,3,query2,OK,1.236,100
sirius,100,shuffle-dict-snappy,shuffle,dict,snappy,3,query3,OK,2.336,10
sirius,100,shuffle-dict-snappy,shuffle,dict,snappy,3,query4,OK,0.968,5
sirius,100,shuffle-dict-snappy,shuffle,dict,snappy,3,query5,OK,1.523,5
sirius,100,shuffle-dict-snappy,shuffle,dict,snappy,3,query6,OK,0.791,1
sirius,100,shuffle-dict-snappy,shuffle,dict,snappy,3,query7,OK,1.817,4
sirius,100,shuffle-dict-snappy,shuffle,dict,snappy,3,query8,OK,2.684,2
sirius,100,shuffle-dict-snappy,shuffle,dict,snappy,3,query9,OK,2.549,175
sirius,100,shuffle-dict-snappy,shuffle,dict,snappy,3,query10,OK,1.724,20
sirius,100,shuffle-dict-snappy,shuffle,dict,snappy,3,query11,OK,1.443,1706230
sirius,100,shuffle-dict-snappy,shuffle,dict,snappy,3,query12,OK,0.905,2
sirius,100,shuffle-dict-snappy,shuffle,dict,snappy,3,query13,OK,0.798,45
sirius,100,shuffle-dict-snappy,shuffle,dict,snappy,3,query14,OK,0.911,1
sirius,100,shuffle-dict-snappy,shuffle,dict,snappy,3,query15,OK,0.923,1
sirius,100,shuffle-dict-snappy,shuffle,dict,snappy,3,query16,OK,0.631,27840
sirius,100,shuffle-dict-snappy,shuffle,dict,snappy,3,query17,OK,2.190,1
sirius,100,shuffle-dict-snappy,shuffle,dict,snappy,3,query18,OK,1.859,100
sirius,100,shuffle-dict-snappy,shuffle,dict,snappy,3,query19,OK,4.427,1
sirius,100,shuffle-dict-snappy,shuffle,dict,snappy,3,query20,OK,1.804,17971
sirius,100,shuffle-dict-snappy,shuffle,dict,snappy,3,query21,OK,3.001,100
sirius,100,shuffle-dict-snappy,shuffle,dict,snappy,3,query22,OK,0.480,7
sirius,100,shuffle-dict-zstd,shuffle,dict,zstd,1,query1,OK,1.121,4
sirius,100,shuffle-dict-zstd,shuffle,dict,zstd,1,query2,OK,0.938,100
sirius,100,shuffle-dict-zstd,shuffle,dict,zstd,1,query3,OK,2.675,10
sirius,100,shuffle-dict-zstd,shuffle,dict,zstd,1,query4,OK,0.765,5
sirius,100,shuffle-dict-zstd,shuffle,dict,zstd,1,query5,OK,1.484,5
sirius,100,shuffle-dict-zstd,shuffle,dict,zstd,1,query6,OK,0.750,1
sirius,100,shuffle-dict-zstd,shuffle,dict,zstd,1,query7,OK,1.711,4
sirius,100,shuffle-dict-zstd,shuffle,dict,zstd,1,query8,OK,2.678,2
sirius,100,shuffle-dict-zstd,shuffle,dict,zstd,1,query9,OK,1.782,175
sirius,100,shuffle-dict-zstd,shuffle,dict,zstd,1,query10,OK,1.793,20
sirius,100,shuffle-dict-zstd,shuffle,dict,zstd,1,query11,OK,1.417,1706230
sirius,100,shuffle-dict-zstd,shuffle,dict,zstd,1,query12,OK,0.785,2
sirius,100,shuffle-dict-zstd,shuffle,dict,zstd,1,query13,OK,0.646,45
sirius,100,shuffle-dict-zstd,shuffle,dict,zstd,1,query14,OK,1.766,1
sirius,100,shuffle-dict-zstd,shuffle,dict,zstd,1,query15,OK,0.765,1
sirius,100,shuffle-dict-zstd,shuffle,dict,zstd,1,query16,OK,0.699,27840
sirius,100,shuffle-dict-zstd,shuffle,dict,zstd,1,query17,OK,1.972,1
sirius,100,shuffle-dict-zstd,shuffle,dict,zstd,1,query18,OK,1.368,100
sirius,100,shuffle-dict-zstd,shuffle,dict,zstd,1,query19,OK,4.108,1
sirius,100,shuffle-dict-zstd,shuffle,dict,zstd,1,query20,OK,1.780,17971
sirius,100,shuffle-dict-zstd,shuffle,dict,zstd,1,query21,OK,2.407,100
sirius,100,shuffle-dict-zstd,shuffle,dict,zstd,1,query22,OK,0.670,7
sirius,100,shuffle-dict-zstd,shuffle,dict,zstd,2,query1,OK,1.220,4
sirius,100,shuffle-dict-zstd,shuffle,dict,zstd,2,query2,OK,1.041,100
sirius,100,shuffle-dict-zstd,shuffle,dict,zstd,2,query3,OK,2.395,10
sirius,100,shuffle-dict-zstd,shuffle,dict,zstd,2,query4,OK,0.776,5
sirius,100,shuffle-dict-zstd,shuffle,dict,zstd,2,query5,OK,1.211,5
sirius,100,shuffle-dict-zstd,shuffle,dict,zstd,2,query6,OK,0.806,1
sirius,100,shuffle-dict-zstd,shuffle,dict,zstd,2,query7,OK,1.593,4
sirius,100,shuffle-dict-zstd,shuffle,dict,zstd,2,query8,OK,2.422,2
sirius,100,shuffle-dict-zstd,shuffle,dict,zstd,2,query9,OK,1.811,175
sirius,100,shuffle-dict-zstd,shuffle,dict,zstd,2,query10,OK,1.683,20
sirius,100,shuffle-dict-zstd,shuffle,dict,zstd,2,query11,OK,1.475,1706230
sirius,100,shuffle-dict-zstd,shuffle,dict,zstd,2,query12,OK,0.806,2
sirius,100,shuffle-dict-zstd,shuffle,dict,zstd,2,query13,OK,0.686,45
sirius,100,shuffle-dict-zstd,shuffle,dict,zstd,2,query14,OK,0.767,1
sirius,100,shuffle-dict-zstd,shuffle,dict,zstd,2,query15,OK,0.729,1
sirius,100,shuffle-dict-zstd,shuffle,dict,zstd,2,query16,OK,0.602,27840
sirius,100,shuffle-dict-zstd,shuffle,dict,zstd,2,query17,OK,2.194,1
sirius,100,shuffle-dict-zstd,shuffle,dict,zstd,2,query18,OK,1.295,100
sirius,100,shuffle-dict-zstd,shuffle,dict,zstd,2,query19,OK,4.269,1
sirius,100,shuffle-dict-zstd,shuffle,dict,zstd,2,query20,OK,1.642,17971
sirius,100,shuffle-dict-zstd,shuffle,dict,zstd,2,query21,OK,2.313,100
sirius,100,shuffle-dict-zstd,shuffle,dict,zstd,2,query22,OK,0.574,7
sirius,100,shuffle-dict-zstd,shuffle,dict,zstd,3,query1,OK,1.080,4
sirius,100,shuffle-dict-zstd,shuffle,dict,zstd,3,query2,OK,0.941,100
sirius,100,shuffle-dict-zstd,shuffle,dict,zstd,3,query3,OK,2.450,10
sirius,100,shuffle-dict-zstd,shuffle,dict,zstd,3,query4,OK,0.767,5
sirius,100,shuffle-dict-zstd,shuffle,dict,zstd,3,query5,OK,1.333,5
sirius,100,shuffle-dict-zstd,shuffle,dict,zstd,3,query6,OK,0.741,1
sirius,100,shuffle-dict-zstd,shuffle,dict,zstd,3,query7,OK,1.661,4
sirius,100,shuffle-dict-zstd,shuffle,dict,zstd,3,query8,OK,2.596,2
sirius,100,shuffle-dict-zstd,shuffle,dict,zstd,3,query9,OK,1.707,175
sirius,100,shuffle-dict-zstd,shuffle,dict,zstd,3,query10,OK,1.731,20
sirius,100,shuffle-dict-zstd,shuffle,dict,zstd,3,query11,OK,1.455,1706230
sirius,100,shuffle-dict-zstd,shuffle,dict,zstd,3,query12,OK,0.771,2
sirius,100,shuffle-dict-zstd,shuffle,dict,zstd,3,query13,OK,0.644,45
sirius,100,shuffle-dict-zstd,shuffle,dict,zstd,3,query14,OK,0.749,1
sirius,100,shuffle-dict-zstd,shuffle,dict,zstd,3,query15,OK,0.785,1
sirius,100,shuffle-dict-zstd,shuffle,dict,zstd,3,query16,OK,0.642,27840
sirius,100,shuffle-dict-zstd,shuffle,dict,zstd,3,query17,OK,2.374,1
sirius,100,shuffle-dict-zstd,shuffle,dict,zstd,3,query18,OK,1.343,100
sirius,100,shuffle-dict-zstd,shuffle,dict,zstd,3,query19,OK,4.094,1
sirius,100,shuffle-dict-zstd,shuffle,dict,zstd,3,query20,OK,2.029,17971
sirius,100,shuffle-dict-zstd,shuffle,dict,zstd,3,query21,OK,2.555,100
sirius,100,shuffle-dict-zstd,shuffle,dict,zstd,3,query22,OK,0.484,7
sirius,100,shuffle-plain-lz4raw,shuffle,plain,lz4raw,1,query1,OK,1.761,4
sirius,100,shuffle-plain-lz4raw,shuffle,plain,lz4raw,1,query2,OK,0.987,100
sirius,100,shuffle-plain-lz4raw,shuffle,plain,lz4raw,1,query3,OK,2.747,10
sirius,100,shuffle-plain-lz4raw,shuffle,plain,lz4raw,1,query4,OK,1.046,5
sirius,100,shuffle-plain-lz4raw,shuffle,plain,lz4raw,1,query5,OK,1.585,5
sirius,100,shuffle-plain-lz4raw,shuffle,plain,lz4raw,1,query6,OK,1.222,1
sirius,100,shuffle-plain-lz4raw,shuffle,plain,lz4raw,1,query7,OK,2.076,4
sirius,100,shuffle-plain-lz4raw,shuffle,plain,lz4raw,1,query8,OK,3.305,2
sirius,100,shuffle-plain-lz4raw,shuffle,plain,lz4raw,1,query9,OK,2.756,175
sirius,100,shuffle-plain-lz4raw,shuffle,plain,lz4raw,1,query10,OK,2.037,20
sirius,100,shuffle-plain-lz4raw,shuffle,plain,lz4raw,1,query11,OK,1.798,1706230
sirius,100,shuffle-plain-lz4raw,shuffle,plain,lz4raw,1,query12,OK,1.253,2
sirius,100,shuffle-plain-lz4raw,shuffle,plain,lz4raw,1,query13,OK,0.922,45
sirius,100,shuffle-plain-lz4raw,shuffle,plain,lz4raw,1,query14,OK,1.061,1
sirius,100,shuffle-plain-lz4raw,shuffle,plain,lz4raw,1,query15,OK,1.117,1
sirius,100,shuffle-plain-lz4raw,shuffle,plain,lz4raw,1,query16,OK,0.646,27840
sirius,100,shuffle-plain-lz4raw,shuffle,plain,lz4raw,1,query17,OK,2.853,1
sirius,100,shuffle-plain-lz4raw,shuffle,plain,lz4raw,1,query18,OK,1.527,100
sirius,100,shuffle-plain-lz4raw,shuffle,plain,lz4raw,1,query19,OK,4.757,1
sirius,100,shuffle-plain-lz4raw,shuffle,plain,lz4raw,1,query20,OK,2.016,17971
sirius,100,shuffle-plain-lz4raw,shuffle,plain,lz4raw,1,query21,OK,2.906,100
sirius,100,shuffle-plain-lz4raw,shuffle,plain,lz4raw,1,query22,OK,0.536,7
sirius,100,shuffle-plain-lz4raw,shuffle,plain,lz4raw,2,query1,OK,1.743,4
sirius,100,shuffle-plain-lz4raw,shuffle,plain,lz4raw,2,query2,OK,0.858,100
sirius,100,shuffle-plain-lz4raw,shuffle,plain,lz4raw,2,query3,OK,2.642,10
sirius,100,shuffle-plain-lz4raw,shuffle,plain,lz4raw,2,query4,OK,0.899,5
sirius,100,shuffle-plain-lz4raw,shuffle,plain,lz4raw,2,query5,OK,1.654,5
sirius,100,shuffle-plain-lz4raw,shuffle,plain,lz4raw,2,query6,OK,1.077,1
sirius,100,shuffle-plain-lz4raw,shuffle,plain,lz4raw,2,query7,OK,1.944,4
sirius,100,shuffle-plain-lz4raw,shuffle,plain,lz4raw,2,query8,OK,3.159,2
sirius,100,shuffle-plain-lz4raw,shuffle,plain,lz4raw,2,query9,OK,2.281,175
sirius,100,shuffle-plain-lz4raw,shuffle,plain,lz4raw,2,query10,OK,2.014,20
sirius,100,shuffle-plain-lz4raw,shuffle,plain,lz4raw,2,query11,OK,1.467,1706230
sirius,100,shuffle-plain-lz4raw,shuffle,plain,lz4raw,2,query12,OK,1.366,2
sirius,100,shuffle-plain-lz4raw,shuffle,plain,lz4raw,2,query13,OK,0.756,45
sirius,100,shuffle-plain-lz4raw,shuffle,plain,lz4raw,2,query14,OK,1.084,1
sirius,100,shuffle-plain-lz4raw,shuffle,plain,lz4raw,2,query15,OK,1.086,1
sirius,100,shuffle-plain-lz4raw,shuffle,plain,lz4raw,2,query16,OK,0.626,27840
sirius,100,shuffle-plain-lz4raw,shuffle,plain,lz4raw,2,query17,OK,2.258,1
sirius,100,shuffle-plain-lz4raw,shuffle,plain,lz4raw,2,query18,OK,1.870,100
sirius,100,shuffle-plain-lz4raw,shuffle,plain,lz4raw,2,query19,OK,5.340,1
sirius,100,shuffle-plain-lz4raw,shuffle,plain,lz4raw,2,query20,OK,2.065,17971
sirius,100,shuffle-plain-lz4raw,shuffle,plain,lz4raw,2,query21,OK,2.775,100
sirius,100,shuffle-plain-lz4raw,shuffle,plain,lz4raw,2,query22,OK,0.544,7
sirius,100,shuffle-plain-lz4raw,shuffle,plain,lz4raw,3,query1,OK,1.751,4
sirius,100,shuffle-plain-lz4raw,shuffle,plain,lz4raw,3,query2,OK,1.000,100
sirius,100,shuffle-plain-lz4raw,shuffle,plain,lz4raw,3,query3,OK,2.650,10
sirius,100,shuffle-plain-lz4raw,shuffle,plain,lz4raw,3,query4,OK,0.922,5
sirius,100,shuffle-plain-lz4raw,shuffle,plain,lz4raw,3,query5,OK,2.096,5
sirius,100,shuffle-plain-lz4raw,shuffle,plain,lz4raw,3,query6,OK,0.992,1
sirius,100,shuffle-plain-lz4raw,shuffle,plain,lz4raw,3,query7,OK,1.981,4
sirius,100,shuffle-plain-lz4raw,shuffle,plain,lz4raw,3,query8,OK,3.361,2
sirius,100,shuffle-plain-lz4raw,shuffle,plain,lz4raw,3,query9,OK,2.155,175
sirius,100,shuffle-plain-lz4raw,shuffle,plain,lz4raw,3,query10,OK,2.206,20
sirius,100,shuffle-plain-lz4raw,shuffle,plain,lz4raw,3,query11,OK,1.710,1706230
sirius,100,shuffle-plain-lz4raw,shuffle,plain,lz4raw,3,query12,OK,1.399,2
sirius,100,shuffle-plain-lz4raw,shuffle,plain,lz4raw,3,query13,OK,0.802,45
sirius,100,shuffle-plain-lz4raw,shuffle,plain,lz4raw,3,query14,OK,1.066,1
sirius,100,shuffle-plain-lz4raw,shuffle,plain,lz4raw,3,query15,OK,1.104,1
sirius,100,shuffle-plain-lz4raw,shuffle,plain,lz4raw,3,query16,OK,0.667,27840
sirius,100,shuffle-plain-lz4raw,shuffle,plain,lz4raw,3,query17,OK,2.367,1
sirius,100,shuffle-plain-lz4raw,shuffle,plain,lz4raw,3,query18,OK,1.688,100
sirius,100,shuffle-plain-lz4raw,shuffle,plain,lz4raw,3,query19,OK,4.840,1
sirius,100,shuffle-plain-lz4raw,shuffle,plain,lz4raw,3,query20,OK,2.393,17971
sirius,100,shuffle-plain-lz4raw,shuffle,plain,lz4raw,3,query21,OK,3.179,100
sirius,100,shuffle-plain-lz4raw,shuffle,plain,lz4raw,3,query22,OK,0.519,7
sirius,100,shuffle-plain-snappy,shuffle,plain,snappy,1,query1,OK,1.375,4
sirius,100,shuffle-plain-snappy,shuffle,plain,snappy,1,query2,OK,0.823,100
sirius,100,shuffle-plain-snappy,shuffle,plain,snappy,1,query3,OK,2.908,10
sirius,100,shuffle-plain-snappy,shuffle,plain,snappy,1,query4,OK,0.930,5
sirius,100,shuffle-plain-snappy,shuffle,plain,snappy,1,query5,OK,1.726,5
sirius,100,shuffle-plain-snappy,shuffle,plain,snappy,1,query6,OK,1.775,1
sirius,100,shuffle-plain-snappy,shuffle,plain,snappy,1,query7,OK,2.006,4
sirius,100,shuffle-plain-snappy,shuffle,plain,snappy,1,query8,OK,2.700,2
sirius,100,shuffle-plain-snappy,shuffle,plain,snappy,1,query9,OK,2.368,175
sirius,100,shuffle-plain-snappy,shuffle,plain,snappy,1,query10,OK,1.779,20
sirius,100,shuffle-plain-snappy,shuffle,plain,snappy,1,query11,OK,1.455,1706230
sirius,100,shuffle-plain-snappy,shuffle,plain,snappy,1,query12,OK,1.244,2
sirius,100,shuffle-plain-snappy,shuffle,plain,snappy,1,query13,OK,0.788,45
sirius,100,shuffle-plain-snappy,shuffle,plain,snappy,1,query14,OK,1.010,1
sirius,100,shuffle-plain-snappy,shuffle,plain,snappy,1,query15,OK,1.370,1
sirius,100,shuffle-plain-snappy,shuffle,plain,snappy,1,query16,OK,0.731,27840
sirius,100,shuffle-plain-snappy,shuffle,plain,snappy,1,query17,OK,2.341,1
sirius,100,shuffle-plain-snappy,shuffle,plain,snappy,1,query18,OK,1.712,100
sirius,100,shuffle-plain-snappy,shuffle,plain,snappy,1,query19,OK,4.617,1
sirius,100,shuffle-plain-snappy,shuffle,plain,snappy,1,query20,OK,1.923,17971
sirius,100,shuffle-plain-snappy,shuffle,plain,snappy,1,query21,OK,3.013,100
sirius,100,shuffle-plain-snappy,shuffle,plain,snappy,1,query22,OK,0.652,7
sirius,100,shuffle-plain-snappy,shuffle,plain,snappy,2,query1,OK,1.290,4
sirius,100,shuffle-plain-snappy,shuffle,plain,snappy,2,query2,OK,0.983,100
sirius,100,shuffle-plain-snappy,shuffle,plain,snappy,2,query3,OK,2.680,10
sirius,100,shuffle-plain-snappy,shuffle,plain,snappy,2,query4,OK,1.031,5
sirius,100,shuffle-plain-snappy,shuffle,plain,snappy,2,query5,OK,1.732,5
sirius,100,shuffle-plain-snappy,shuffle,plain,snappy,2,query6,OK,0.933,1
sirius,100,shuffle-plain-snappy,shuffle,plain,snappy,2,query7,OK,2.247,4
sirius,100,shuffle-plain-snappy,shuffle,plain,snappy,2,query8,OK,3.151,2
sirius,100,shuffle-plain-snappy,shuffle,plain,snappy,2,query9,OK,2.256,175
sirius,100,shuffle-plain-snappy,shuffle,plain,snappy,2,query10,OK,2.015,20
sirius,100,shuffle-plain-snappy,shuffle,plain,snappy,2,query11,OK,1.486,1706230
sirius,100,shuffle-plain-snappy,shuffle,plain,snappy,2,query12,OK,1.476,2
sirius,100,shuffle-plain-snappy,shuffle,plain,snappy,2,query13,OK,0.712,45
sirius,100,shuffle-plain-snappy,shuffle,plain,snappy,2,query14,OK,1.120,1
sirius,100,shuffle-plain-snappy,shuffle,plain,snappy,2,query15,OK,0.976,1
sirius,100,shuffle-plain-snappy,shuffle,plain,snappy,2,query16,OK,0.672,27840
sirius,100,shuffle-plain-snappy,shuffle,plain,snappy,2,query17,OK,2.444,1
sirius,100,shuffle-plain-snappy,shuffle,plain,snappy,2,query18,OK,1.731,100
sirius,100,shuffle-plain-snappy,shuffle,plain,snappy,2,query19,OK,5.055,1
sirius,100,shuffle-plain-snappy,shuffle,plain,snappy,2,query20,OK,2.074,17971
sirius,100,shuffle-plain-snappy,shuffle,plain,snappy,2,query21,OK,3.279,100
sirius,100,shuffle-plain-snappy,shuffle,plain,snappy,2,query22,OK,0.553,7
sirius,100,shuffle-plain-snappy,shuffle,plain,snappy,3,query1,OK,1.466,4
sirius,100,shuffle-plain-snappy,shuffle,plain,snappy,3,query2,OK,0.922,100
sirius,100,shuffle-plain-snappy,shuffle,plain,snappy,3,query3,OK,2.562,10
sirius,100,shuffle-plain-snappy,shuffle,plain,snappy,3,query4,OK,1.046,5
sirius,100,shuffle-plain-snappy,shuffle,plain,snappy,3,query5,OK,1.658,5
sirius,100,shuffle-plain-snappy,shuffle,plain,snappy,3,query6,OK,0.918,1
sirius,100,shuffle-plain-snappy,shuffle,plain,snappy,3,query7,OK,1.999,4
sirius,100,shuffle-plain-snappy,shuffle,plain,snappy,3,query8,OK,2.878,2
sirius,100,shuffle-plain-snappy,shuffle,plain,snappy,3,query9,OK,1.930,175
sirius,100,shuffle-plain-snappy,shuffle,plain,snappy,3,query10,OK,2.062,20
sirius,100,shuffle-plain-snappy,shuffle,plain,snappy,3,query11,OK,1.557,1706230
sirius,100,shuffle-plain-snappy,shuffle,plain,snappy,3,query12,OK,1.034,2
sirius,100,shuffle-plain-snappy,shuffle,plain,snappy,3,query13,OK,0.607,45
sirius,100,shuffle-plain-snappy,shuffle,plain,snappy,3,query14,OK,0.952,1
sirius,100,shuffle-plain-snappy,shuffle,plain,snappy,3,query15,OK,1.179,1
sirius,100,shuffle-plain-snappy,shuffle,plain,snappy,3,query16,OK,0.592,27840
sirius,100,shuffle-plain-snappy,shuffle,plain,snappy,3,query17,OK,2.327,1
sirius,100,shuffle-plain-snappy,shuffle,plain,snappy,3,query18,OK,1.362,100
sirius,100,shuffle-plain-snappy,shuffle,plain,snappy,3,query19,OK,4.605,1
sirius,100,shuffle-plain-snappy,shuffle,plain,snappy,3,query20,OK,1.971,17971
sirius,100,shuffle-plain-snappy,shuffle,plain,snappy,3,query21,OK,3.088,100
sirius,100,shuffle-plain-snappy,shuffle,plain,snappy,3,query22,OK,0.499,7
sirius,100,shuffle-plain-zstd,shuffle,plain,zstd,1,query1,OK,1.469,4
sirius,100,shuffle-plain-zstd,shuffle,plain,zstd,1,query2,OK,0.815,100
sirius,100,shuffle-plain-zstd,shuffle,plain,zstd,1,query3,OK,2.641,10
sirius,100,shuffle-plain-zstd,shuffle,plain,zstd,1,query4,OK,0.814,5
sirius,100,shuffle-plain-zstd,shuffle,plain,zstd,1,query5,OK,1.452,5
sirius,100,shuffle-plain-zstd,shuffle,plain,zstd,1,query6,OK,0.897,1
sirius,100,shuffle-plain-zstd,shuffle,plain,zstd,1,query7,OK,1.730,4
sirius,100,shuffle-plain-zstd,shuffle,plain,zstd,1,query8,OK,2.617,2
sirius,100,shuffle-plain-zstd,shuffle,plain,zstd,1,query9,OK,1.906,175
sirius,100,shuffle-plain-zstd,shuffle,plain,zstd,1,query10,OK,1.874,20
sirius,100,shuffle-plain-zstd,shuffle,plain,zstd,1,query11,OK,1.436,1706230
sirius,100,shuffle-plain-zstd,shuffle,plain,zstd,1,query12,OK,1.001,2
sirius,100,shuffle-plain-zstd,shuffle,plain,zstd,1,query13,OK,0.641,45
sirius,100,shuffle-plain-zstd,shuffle,plain,zstd,1,query14,OK,0.851,1
sirius,100,shuffle-plain-zstd,shuffle,plain,zstd,1,query15,OK,0.897,1
sirius,100,shuffle-plain-zstd,shuffle,plain,zstd,1,query16,OK,0.640,27840
sirius,100,shuffle-plain-zstd,shuffle,plain,zstd,1,query17,OK,2.106,1
sirius,100,shuffle-plain-zstd,shuffle,plain,zstd,1,query18,OK,1.438,100
sirius,100,shuffle-plain-zstd,shuffle,plain,zstd,1,query19,OK,4.569,1
sirius,100,shuffle-plain-zstd,shuffle,plain,zstd,1,query20,OK,1.779,17971
sirius,100,shuffle-plain-zstd,shuffle,plain,zstd,1,query21,OK,2.633,100
sirius,100,shuffle-plain-zstd,shuffle,plain,zstd,1,query22,OK,0.469,7
sirius,100,shuffle-plain-zstd,shuffle,plain,zstd,2,query1,OK,1.408,4
sirius,100,shuffle-plain-zstd,shuffle,plain,zstd,2,query2,OK,0.887,100
sirius,100,shuffle-plain-zstd,shuffle,plain,zstd,2,query3,OK,2.453,10
sirius,100,shuffle-plain-zstd,shuffle,plain,zstd,2,query4,OK,0.827,5
sirius,100,shuffle-plain-zstd,shuffle,plain,zstd,2,query5,OK,1.255,5
sirius,100,shuffle-plain-zstd,shuffle,plain,zstd,2,query6,OK,0.851,1
sirius,100,shuffle-plain-zstd,shuffle,plain,zstd,2,query7,OK,1.707,4
sirius,100,shuffle-plain-zstd,shuffle,plain,zstd,2,query8,OK,2.504,2
sirius,100,shuffle-plain-zstd,shuffle,plain,zstd,2,query9,OK,2.089,175
sirius,100,shuffle-plain-zstd,shuffle,plain,zstd,2,query10,OK,2.143,20
sirius,100,shuffle-plain-zstd,shuffle,plain,zstd,2,query11,OK,1.391,1706230
sirius,100,shuffle-plain-zstd,shuffle,plain,zstd,2,query12,OK,0.957,2
sirius,100,shuffle-plain-zstd,shuffle,plain,zstd,2,query13,OK,0.625,45
sirius,100,shuffle-plain-zstd,shuffle,plain,zstd,2,query14,OK,0.911,1
sirius,100,shuffle-plain-zstd,shuffle,plain,zstd,2,query15,OK,0.879,1
sirius,100,shuffle-plain-zstd,shuffle,plain,zstd,2,query16,OK,0.823,27840
sirius,100,shuffle-plain-zstd,shuffle,plain,zstd,2,query17,OK,2.183,1
sirius,100,shuffle-plain-zstd,shuffle,plain,zstd,2,query18,OK,1.568,100
sirius,100,shuffle-plain-zstd,shuffle,plain,zstd,2,query19,OK,4.580,1
sirius,100,shuffle-plain-zstd,shuffle,plain,zstd,2,query20,OK,1.818,17971
sirius,100,shuffle-plain-zstd,shuffle,plain,zstd,2,query21,OK,2.320,100
sirius,100,shuffle-plain-zstd,shuffle,plain,zstd,2,query22,OK,0.463,7
sirius,100,shuffle-plain-zstd,shuffle,plain,zstd,3,query1,OK,1.453,4
sirius,100,shuffle-plain-zstd,shuffle,plain,zstd,3,query2,OK,0.724,100
sirius,100,shuffle-plain-zstd,shuffle,plain,zstd,3,query3,OK,2.418,10
sirius,100,shuffle-plain-zstd,shuffle,plain,zstd,3,query4,OK,0.842,5
sirius,100,shuffle-plain-zstd,shuffle,plain,zstd,3,query5,OK,1.316,5
sirius,100,shuffle-plain-zstd,shuffle,plain,zstd,3,query6,OK,0.879,1
sirius,100,shuffle-plain-zstd,shuffle,plain,zstd,3,query7,OK,1.979,4
sirius,100,shuffle-plain-zstd,shuffle,plain,zstd,3,query8,OK,3.147,2
sirius,100,shuffle-plain-zstd,shuffle,plain,zstd,3,query9,OK,1.761,175
sirius,100,shuffle-plain-zstd,shuffle,plain,zstd,3,query10,OK,1.909,20
sirius,100,shuffle-plain-zstd,shuffle,plain,zstd,3,query11,OK,1.402,1706230
sirius,100,shuffle-plain-zstd,shuffle,plain,zstd,3,query12,OK,0.972,2
sirius,100,shuffle-plain-zstd,shuffle,plain,zstd,3,query13,OK,0.645,45
sirius,100,shuffle-plain-zstd,shuffle,plain,zstd,3,query14,OK,0.897,1
sirius,100,shuffle-plain-zstd,shuffle,plain,zstd,3,query15,OK,1.006,1
sirius,100,shuffle-plain-zstd,shuffle,plain,zstd,3,query16,OK,0.671,27840
sirius,100,shuffle-plain-zstd,shuffle,plain,zstd,3,query17,OK,2.204,1
sirius,100,shuffle-plain-zstd,shuffle,plain,zstd,3,query18,OK,1.447,100
sirius,100,shuffle-plain-zstd,shuffle,plain,zstd,3,query19,OK,4.722,1
sirius,100,shuffle-plain-zstd,shuffle,plain,zstd,3,query20,OK,1.844,17971
sirius,100,shuffle-plain-zstd,shuffle,plain,zstd,3,query21,OK,2.657,100
sirius,100,shuffle-plain-zstd,shuffle,plain,zstd,3,query22,OK,0.500,7
polars_gpu,1,keyorder-delta-snappy,keyorder,delta,snappy,1,query1,OK,0.224,4
polars_gpu,1,keyorder-delta-snappy,keyorder,delta,snappy,1,query9,OK,1.177,175
polars_gpu,1,keyorder-delta-snappy,keyorder,delta,snappy,1,query13,OK,0.219,42
polars_gpu,1,keyorder-dict-snappy,keyorder,dict,snappy,1,query1,OK,0.473,4
polars_gpu,1,keyorder-dict-snappy,keyorder,dict,snappy,1,query9,OK,1.074,175
polars_gpu,1,keyorder-dict-snappy,keyorder,dict,snappy,1,query13,OK,0.288,42
polars_gpu,1,keyorder-plain-snappy,keyorder,plain,snappy,1,query1,OK,0.219,4
polars_gpu,1,keyorder-plain-snappy,keyorder,plain,snappy,1,query9,OK,0.348,175
polars_gpu,1,keyorder-plain-snappy,keyorder,plain,snappy,1,query13,OK,0.509,42
polars_gpu,1,shuffle-delta-lz4raw,shuffle,delta,lz4raw,1,query1,OK,0.633,4
polars_gpu,1,shuffle-delta-lz4raw,shuffle,delta,lz4raw,1,query9,OK,0.352,175
polars_gpu,1,shuffle-delta-lz4raw,shuffle,delta,lz4raw,1,query13,OK,1.217,42
polars_gpu,1,shuffle-delta-snappy,shuffle,delta,snappy,1,query1,OK,0.239,4
polars_gpu,1,shuffle-delta-snappy,shuffle,delta,snappy,1,query9,OK,0.714,175
polars_gpu,1,shuffle-delta-snappy,shuffle,delta,snappy,1,query13,OK,0.396,42
polars_gpu,1,shuffle-delta-zstd,shuffle,delta,zstd,1,query1,OK,0.700,4
polars_gpu,1,shuffle-delta-zstd,shuffle,delta,zstd,1,query9,OK,1.046,175
polars_gpu,1,shuffle-delta-zstd,shuffle,delta,zstd,1,query13,OK,0.296,42
polars_gpu,1,shuffle-dict-lz4raw,shuffle,dict,lz4raw,1,query1,OK,0.271,4
polars_gpu,1,shuffle-dict-lz4raw,shuffle,dict,lz4raw,1,query9,OK,0.497,175
polars_gpu,1,shuffle-dict-lz4raw,shuffle,dict,lz4raw,1,query13,OK,0.921,42
polars_gpu,1,shuffle-dict-snappy,shuffle,dict,snappy,1,query1,OK,1.252,4
polars_gpu,1,shuffle-dict-snappy,shuffle,dict,snappy,1,query9,OK,0.832,175
polars_gpu,1,shuffle-dict-snappy,shuffle,dict,snappy,1,query13,OK,0.295,42
polars_gpu,1,shuffle-dict-zstd,shuffle,dict,zstd,1,query1,OK,0.315,4
polars_gpu,1,shuffle-dict-zstd,shuffle,dict,zstd,1,query9,OK,1.116,175
polars_gpu,1,shuffle-dict-zstd,shuffle,dict,zstd,1,query13,OK,0.276,42
polars_gpu,1,shuffle-plain-lz4raw,shuffle,plain,lz4raw,1,query1,OK,0.354,4
polars_gpu,1,shuffle-plain-lz4raw,shuffle,plain,lz4raw,1,query9,OK,0.664,175
polars_gpu,1,shuffle-plain-lz4raw,shuffle,plain,lz4raw,1,query13,OK,0.287,42
polars_gpu,1,shuffle-plain-snappy,shuffle,plain,snappy,1,query1,OK,0.253,4
polars_gpu,1,shuffle-plain-snappy,shuffle,plain,snappy,1,query9,OK,0.382,175
polars_gpu,1,shuffle-plain-snappy,shuffle,plain,snappy,1,query13,OK,0.266,42
polars_gpu,1,shuffle-plain-zstd,shuffle,plain,zstd,1,query1,OK,0.287,4
polars_gpu,1,shuffle-plain-zstd,shuffle,plain,zstd,1,query9,OK,0.375,175
polars_gpu,1,shuffle-plain-zstd,shuffle,plain,zstd,1,query13,OK,0.307,42
polars_gpu,100,keyorder-delta-snappy,keyorder,delta,snappy,1,query1,OK,2.446,4
polars_gpu,100,keyorder-delta-snappy,keyorder,delta,snappy,1,query2,OK,0.517,100
polars_gpu,100,keyorder-delta-snappy,keyorder,delta,snappy,1,query3,OK,2.251,10
polars_gpu,100,keyorder-delta-snappy,keyorder,delta,snappy,1,query4,OK,0.983,5
polars_gpu,100,keyorder-delta-snappy,keyorder,delta,snappy,1,query5,OK,1.473,5
polars_gpu,100,keyorder-delta-snappy,keyorder,delta,snappy,1,query6,OK,0.694,1
polars_gpu,100,keyorder-delta-snappy,keyorder,delta,snappy,1,query7,OK,5.076,4
polars_gpu,100,keyorder-delta-snappy,keyorder,delta,snappy,1,query8,OK,1.800,2
polars_gpu,100,keyorder-delta-snappy,keyorder,delta,snappy,1,query9,OK,6.325,175
polars_gpu,100,keyorder-delta-snappy,keyorder,delta,snappy,1,query10,OK,5.416,20
polars_gpu,100,keyorder-delta-snappy,keyorder,delta,snappy,1,query11,OK,0.479,1706230
polars_gpu,100,keyorder-delta-snappy,keyorder,delta,snappy,1,query12,OK,1.227,2
polars_gpu,100,keyorder-delta-snappy,keyorder,delta,snappy,1,query13,OK,1.812,45
polars_gpu,100,keyorder-delta-snappy,keyorder,delta,snappy,1,query14,OK,1.275,1
polars_gpu,100,keyorder-delta-snappy,keyorder,delta,snappy,1,query15,OK,0.761,1
polars_gpu,100,keyorder-delta-snappy,keyorder,delta,snappy,1,query16,OK,0.719,27840
polars_gpu,100,keyorder-delta-snappy,keyorder,delta,snappy,1,query17,OK,0.991,1
polars_gpu,100,keyorder-delta-snappy,keyorder,delta,snappy,1,query18,OK,1.957,100
polars_gpu,100,keyorder-delta-snappy,keyorder,delta,snappy,1,query19,OK,2.649,1
polars_gpu,100,keyorder-delta-snappy,keyorder,delta,snappy,1,query20,OK,1.563,17971
polars_gpu,100,keyorder-delta-snappy,keyorder,delta,snappy,1,query21,OK,5.487,100
polars_gpu,100,keyorder-delta-snappy,keyorder,delta,snappy,1,query22,OK,0.472,7
polars_gpu,100,keyorder-delta-snappy,keyorder,delta,snappy,2,query1,OK,2.590,4
polars_gpu,100,keyorder-delta-snappy,keyorder,delta,snappy,2,query2,OK,0.503,100
polars_gpu,100,keyorder-delta-snappy,keyorder,delta,snappy,2,query3,OK,2.607,10
polars_gpu,100,keyorder-delta-snappy,keyorder,delta,snappy,2,query4,OK,1.005,5
polars_gpu,100,keyorder-delta-snappy,keyorder,delta,snappy,2,query5,OK,1.454,5
polars_gpu,100,keyorder-delta-snappy,keyorder,delta,snappy,2,query6,OK,0.713,1
polars_gpu,100,keyorder-delta-snappy,keyorder,delta,snappy,2,query7,OK,4.995,4
polars_gpu,100,keyorder-delta-snappy,keyorder,delta,snappy,2,query8,OK,1.793,2
polars_gpu,100,keyorder-delta-snappy,keyorder,delta,snappy,2,query9,OK,6.574,175
polars_gpu,100,keyorder-delta-snappy,keyorder,delta,snappy,2,query10,OK,5.008,20
polars_gpu,100,keyorder-delta-snappy,keyorder,delta,snappy,2,query11,OK,0.448,1706230
polars_gpu,100,keyorder-delta-snappy,keyorder,delta,snappy,2,query12,OK,1.083,2
polars_gpu,100,keyorder-delta-snappy,keyorder,delta,snappy,2,query13,OK,1.815,45
polars_gpu,100,keyorder-delta-snappy,keyorder,delta,snappy,2,query14,OK,1.248,1
polars_gpu,100,keyorder-delta-snappy,keyorder,delta,snappy,2,query15,OK,0.784,1
polars_gpu,100,keyorder-delta-snappy,keyorder,delta,snappy,2,query16,OK,0.678,27840
polars_gpu,100,keyorder-delta-snappy,keyorder,delta,snappy,2,query17,OK,0.817,1
polars_gpu,100,keyorder-delta-snappy,keyorder,delta,snappy,2,query18,OK,1.624,100
polars_gpu,100,keyorder-delta-snappy,keyorder,delta,snappy,2,query19,OK,2.642,1
polars_gpu,100,keyorder-delta-snappy,keyorder,delta,snappy,2,query20,OK,1.394,17971
polars_gpu,100,keyorder-delta-snappy,keyorder,delta,snappy,2,query21,OK,5.770,100
polars_gpu,100,keyorder-delta-snappy,keyorder,delta,snappy,2,query22,OK,0.361,7
polars_gpu,100,keyorder-delta-snappy,keyorder,delta,snappy,3,query1,OK,2.291,4
polars_gpu,100,keyorder-delta-snappy,keyorder,delta,snappy,3,query2,OK,0.903,100
polars_gpu,100,keyorder-delta-snappy,keyorder,delta,snappy,3,query3,OK,2.286,10
polars_gpu,100,keyorder-delta-snappy,keyorder,delta,snappy,3,query4,OK,1.203,5
polars_gpu,100,keyorder-delta-snappy,keyorder,delta,snappy,3,query5,OK,1.480,5
polars_gpu,100,keyorder-delta-snappy,keyorder,delta,snappy,3,query6,OK,0.707,1
polars_gpu,100,keyorder-delta-snappy,keyorder,delta,snappy,3,query7,OK,4.936,4
polars_gpu,100,keyorder-delta-snappy,keyorder,delta,snappy,3,query8,OK,1.803,2
polars_gpu,100,keyorder-delta-snappy,keyorder,delta,snappy,3,query9,OK,6.628,175
polars_gpu,100,keyorder-delta-snappy,keyorder,delta,snappy,3,query10,OK,4.967,20
polars_gpu,100,keyorder-delta-snappy,keyorder,delta,snappy,3,query11,OK,0.394,1706230
polars_gpu,100,keyorder-delta-snappy,keyorder,delta,snappy,3,query12,OK,1.064,2
polars_gpu,100,keyorder-delta-snappy,keyorder,delta,snappy,3,query13,OK,2.399,45
polars_gpu,100,keyorder-delta-snappy,keyorder,delta,snappy,3,query14,OK,1.188,1
polars_gpu,100,keyorder-delta-snappy,keyorder,delta,snappy,3,query15,OK,0.773,1
polars_gpu,100,keyorder-delta-snappy,keyorder,delta,snappy,3,query16,OK,0.662,27840
polars_gpu,100,keyorder-delta-snappy,keyorder,delta,snappy,3,query17,OK,0.817,1
polars_gpu,100,keyorder-delta-snappy,keyorder,delta,snappy,3,query18,OK,1.421,100
polars_gpu,100,keyorder-delta-snappy,keyorder,delta,snappy,3,query19,OK,2.427,1
polars_gpu,100,keyorder-delta-snappy,keyorder,delta,snappy,3,query20,OK,1.411,17971
polars_gpu,100,keyorder-delta-snappy,keyorder,delta,snappy,3,query21,OK,5.715,100
polars_gpu,100,keyorder-delta-snappy,keyorder,delta,snappy,3,query22,OK,0.341,7
polars_gpu,100,keyorder-dict-snappy,keyorder,dict,snappy,1,query1,OK,2.365,4
polars_gpu,100,keyorder-dict-snappy,keyorder,dict,snappy,1,query2,OK,0.702,100
polars_gpu,100,keyorder-dict-snappy,keyorder,dict,snappy,1,query3,OK,3.300,10
polars_gpu,100,keyorder-dict-snappy,keyorder,dict,snappy,1,query4,OK,1.145,5
polars_gpu,100,keyorder-dict-snappy,keyorder,dict,snappy,1,query5,OK,2.554,5
polars_gpu,100,keyorder-dict-snappy,keyorder,dict,snappy,1,query6,OK,1.102,1
polars_gpu,100,keyorder-dict-snappy,keyorder,dict,snappy,1,query7,OK,6.058,4
polars_gpu,100,keyorder-dict-snappy,keyorder,dict,snappy,1,query8,OK,3.589,2
polars_gpu,100,keyorder-dict-snappy,keyorder,dict,snappy,1,query9,OK,9.615,175
polars_gpu,100,keyorder-dict-snappy,keyorder,dict,snappy,1,query10,OK,5.508,20
polars_gpu,100,keyorder-dict-snappy,keyorder,dict,snappy,1,query11,OK,0.503,1706230
polars_gpu,100,keyorder-dict-snappy,keyorder,dict,snappy,1,query12,OK,1.236,2
polars_gpu,100,keyorder-dict-snappy,keyorder,dict,snappy,1,query13,OK,1.576,45
polars_gpu,100,keyorder-dict-snappy,keyorder,dict,snappy,1,query14,OK,1.479,1
polars_gpu,100,keyorder-dict-snappy,keyorder,dict,snappy,1,query15,OK,1.029,1
polars_gpu,100,keyorder-dict-snappy,keyorder,dict,snappy,1,query16,OK,0.655,27840
polars_gpu,100,keyorder-dict-snappy,keyorder,dict,snappy,1,query17,OK,1.656,1
polars_gpu,100,keyorder-dict-snappy,keyorder,dict,snappy,1,query18,OK,1.891,100
polars_gpu,100,keyorder-dict-snappy,keyorder,dict,snappy,1,query19,OK,3.871,1
polars_gpu,100,keyorder-dict-snappy,keyorder,dict,snappy,1,query20,OK,2.134,17971
polars_gpu,100,keyorder-dict-snappy,keyorder,dict,snappy,1,query21,OK,6.453,100
polars_gpu,100,keyorder-dict-snappy,keyorder,dict,snappy,1,query22,OK,0.418,7
polars_gpu,100,keyorder-dict-snappy,keyorder,dict,snappy,2,query1,OK,3.138,4
polars_gpu,100,keyorder-dict-snappy,keyorder,dict,snappy,2,query2,OK,0.611,100
polars_gpu,100,keyorder-dict-snappy,keyorder,dict,snappy,2,query3,OK,3.117,10
polars_gpu,100,keyorder-dict-snappy,keyorder,dict,snappy,2,query4,OK,1.210,5
polars_gpu,100,keyorder-dict-snappy,keyorder,dict,snappy,2,query5,OK,2.616,5
polars_gpu,100,keyorder-dict-snappy,keyorder,dict,snappy,2,query6,OK,1.091,1
polars_gpu,100,keyorder-dict-snappy,keyorder,dict,snappy,2,query7,OK,6.184,4
polars_gpu,100,keyorder-dict-snappy,keyorder,dict,snappy,2,query8,OK,3.522,2
polars_gpu,100,keyorder-dict-snappy,keyorder,dict,snappy,2,query9,OK,9.917,175
polars_gpu,100,keyorder-dict-snappy,keyorder,dict,snappy,2,query10,OK,5.465,20
polars_gpu,100,keyorder-dict-snappy,keyorder,dict,snappy,2,query11,OK,0.681,1706230
polars_gpu,100,keyorder-dict-snappy,keyorder,dict,snappy,2,query12,OK,1.309,2
polars_gpu,100,keyorder-dict-snappy,keyorder,dict,snappy,2,query13,OK,1.810,45
polars_gpu,100,keyorder-dict-snappy,keyorder,dict,snappy,2,query14,OK,1.666,1
polars_gpu,100,keyorder-dict-snappy,keyorder,dict,snappy,2,query15,OK,1.178,1
polars_gpu,100,keyorder-dict-snappy,keyorder,dict,snappy,2,query16,OK,0.674,27840
polars_gpu,100,keyorder-dict-snappy,keyorder,dict,snappy,2,query17,OK,1.807,1
polars_gpu,100,keyorder-dict-snappy,keyorder,dict,snappy,2,query18,OK,1.904,100
polars_gpu,100,keyorder-dict-snappy,keyorder,dict,snappy,2,query19,OK,3.959,1
polars_gpu,100,keyorder-dict-snappy,keyorder,dict,snappy,2,query20,OK,2.156,17971
polars_gpu,100,keyorder-dict-snappy,keyorder,dict,snappy,2,query21,OK,6.710,100
polars_gpu,100,keyorder-dict-snappy,keyorder,dict,snappy,2,query22,OK,0.441,7
polars_gpu,100,keyorder-dict-snappy,keyorder,dict,snappy,3,query1,OK,2.427,4
polars_gpu,100,keyorder-dict-snappy,keyorder,dict,snappy,3,query2,OK,0.606,100
polars_gpu,100,keyorder-dict-snappy,keyorder,dict,snappy,3,query3,OK,3.623,10
polars_gpu,100,keyorder-dict-snappy,keyorder,dict,snappy,3,query4,OK,1.217,5
polars_gpu,100,keyorder-dict-snappy,keyorder,dict,snappy,3,query5,OK,2.525,5
polars_gpu,100,keyorder-dict-snappy,keyorder,dict,snappy,3,query6,OK,1.110,1
polars_gpu,100,keyorder-dict-snappy,keyorder,dict,snappy,3,query7,OK,6.236,4
polars_gpu,100,keyorder-dict-snappy,keyorder,dict,snappy,3,query8,OK,3.438,2
polars_gpu,100,keyorder-dict-snappy,keyorder,dict,snappy,3,query9,OK,10.265,175
polars_gpu,100,keyorder-dict-snappy,keyorder,dict,snappy,3,query10,OK,5.397,20
polars_gpu,100,keyorder-dict-snappy,keyorder,dict,snappy,3,query11,OK,0.505,1706230
polars_gpu,100,keyorder-dict-snappy,keyorder,dict,snappy,3,query12,OK,1.315,2
polars_gpu,100,keyorder-dict-snappy,keyorder,dict,snappy,3,query13,OK,1.519,45
polars_gpu,100,keyorder-dict-snappy,keyorder,dict,snappy,3,query14,OK,1.558,1
polars_gpu,100,keyorder-dict-snappy,keyorder,dict,snappy,3,query15,OK,1.146,1
polars_gpu,100,keyorder-dict-snappy,keyorder,dict,snappy,3,query16,OK,0.684,27840
polars_gpu,100,keyorder-dict-snappy,keyorder,dict,snappy,3,query17,OK,1.663,1
polars_gpu,100,keyorder-dict-snappy,keyorder,dict,snappy,3,query18,OK,2.578,100
polars_gpu,100,keyorder-dict-snappy,keyorder,dict,snappy,3,query19,OK,3.864,1
polars_gpu,100,keyorder-dict-snappy,keyorder,dict,snappy,3,query20,OK,2.315,17971
polars_gpu,100,keyorder-dict-snappy,keyorder,dict,snappy,3,query21,OK,6.538,100
polars_gpu,100,keyorder-dict-snappy,keyorder,dict,snappy,3,query22,OK,0.432,7
polars_gpu,100,keyorder-plain-snappy,keyorder,plain,snappy,1,query1,OK,3.151,4
polars_gpu,100,keyorder-plain-snappy,keyorder,plain,snappy,1,query2,OK,0.654,100
polars_gpu,100,keyorder-plain-snappy,keyorder,plain,snappy,1,query3,OK,3.731,10
polars_gpu,100,keyorder-plain-snappy,keyorder,plain,snappy,1,query4,OK,1.352,5
polars_gpu,100,keyorder-plain-snappy,keyorder,plain,snappy,1,query5,OK,2.144,5
polars_gpu,100,keyorder-plain-snappy,keyorder,plain,snappy,1,query6,OK,1.253,1
polars_gpu,100,keyorder-plain-snappy,keyorder,plain,snappy,1,query7,OK,7.887,4
polars_gpu,100,keyorder-plain-snappy,keyorder,plain,snappy,1,query8,OK,2.936,2
polars_gpu,100,keyorder-plain-snappy,keyorder,plain,snappy,1,query9,OK,11.639,175
polars_gpu,100,keyorder-plain-snappy,keyorder,plain,snappy,1,query10,OK,6.413,20
polars_gpu,100,keyorder-plain-snappy,keyorder,plain,snappy,1,query11,OK,0.540,1706230
polars_gpu,100,keyorder-plain-snappy,keyorder,plain,snappy,1,query12,OK,1.681,2
polars_gpu,100,keyorder-plain-snappy,keyorder,plain,snappy,1,query13,OK,1.871,45
polars_gpu,100,keyorder-plain-snappy,keyorder,plain,snappy,1,query14,OK,1.889,1
polars_gpu,100,keyorder-plain-snappy,keyorder,plain,snappy,1,query15,OK,1.156,1
polars_gpu,100,keyorder-plain-snappy,keyorder,plain,snappy,1,query16,OK,0.913,27840
polars_gpu,100,keyorder-plain-snappy,keyorder,plain,snappy,1,query17,OK,1.610,1
polars_gpu,100,keyorder-plain-snappy,keyorder,plain,snappy,1,query18,OK,1.800,100
polars_gpu,100,keyorder-plain-snappy,keyorder,plain,snappy,1,query19,OK,4.502,1
polars_gpu,100,keyorder-plain-snappy,keyorder,plain,snappy,1,query20,OK,2.228,17971
polars_gpu,100,keyorder-plain-snappy,keyorder,plain,snappy,1,query21,OK,11.337,100
polars_gpu,100,keyorder-plain-snappy,keyorder,plain,snappy,1,query22,OK,0.762,7
polars_gpu,100,keyorder-plain-snappy,keyorder,plain,snappy,2,query1,OK,3.008,4
polars_gpu,100,keyorder-plain-snappy,keyorder,plain,snappy,2,query2,OK,0.632,100
polars_gpu,100,keyorder-plain-snappy,keyorder,plain,snappy,2,query3,OK,3.703,10
polars_gpu,100,keyorder-plain-snappy,keyorder,plain,snappy,2,query4,OK,1.392,5
polars_gpu,100,keyorder-plain-snappy,keyorder,plain,snappy,2,query5,OK,2.212,5
polars_gpu,100,keyorder-plain-snappy,keyorder,plain,snappy,2,query6,OK,1.245,1
polars_gpu,100,keyorder-plain-snappy,keyorder,plain,snappy,2,query7,OK,7.837,4
polars_gpu,100,keyorder-plain-snappy,keyorder,plain,snappy,2,query8,OK,3.091,2
polars_gpu,100,keyorder-plain-snappy,keyorder,plain,snappy,2,query9,OK,11.804,175
polars_gpu,100,keyorder-plain-snappy,keyorder,plain,snappy,2,query10,OK,6.503,20
polars_gpu,100,keyorder-plain-snappy,keyorder,plain,snappy,2,query11,OK,0.537,1706230
polars_gpu,100,keyorder-plain-snappy,keyorder,plain,snappy,2,query12,OK,1.754,2
polars_gpu,100,keyorder-plain-snappy,keyorder,plain,snappy,2,query13,OK,1.507,45
polars_gpu,100,keyorder-plain-snappy,keyorder,plain,snappy,2,query14,OK,2.022,1
polars_gpu,100,keyorder-plain-snappy,keyorder,plain,snappy,2,query15,OK,1.263,1
polars_gpu,100,keyorder-plain-snappy,keyorder,plain,snappy,2,query16,OK,0.948,27840
polars_gpu,100,keyorder-plain-snappy,keyorder,plain,snappy,2,query17,OK,1.854,1
polars_gpu,100,keyorder-plain-snappy,keyorder,plain,snappy,2,query18,OK,1.865,100
polars_gpu,100,keyorder-plain-snappy,keyorder,plain,snappy,2,query19,OK,4.921,1
polars_gpu,100,keyorder-plain-snappy,keyorder,plain,snappy,2,query20,OK,2.408,17971
polars_gpu,100,keyorder-plain-snappy,keyorder,plain,snappy,2,query21,OK,11.087,100
polars_gpu,100,keyorder-plain-snappy,keyorder,plain,snappy,2,query22,OK,0.502,7
polars_gpu,100,keyorder-plain-snappy,keyorder,plain,snappy,3,query1,OK,2.908,4
polars_gpu,100,keyorder-plain-snappy,keyorder,plain,snappy,3,query2,OK,0.631,100
polars_gpu,100,keyorder-plain-snappy,keyorder,plain,snappy,3,query3,OK,4.008,10
polars_gpu,100,keyorder-plain-snappy,keyorder,plain,snappy,3,query4,OK,1.409,5
polars_gpu,100,keyorder-plain-snappy,keyorder,plain,snappy,3,query5,OK,2.442,5
polars_gpu,100,keyorder-plain-snappy,keyorder,plain,snappy,3,query6,OK,1.283,1
polars_gpu,100,keyorder-plain-snappy,keyorder,plain,snappy,3,query7,OK,7.545,4
polars_gpu,100,keyorder-plain-snappy,keyorder,plain,snappy,3,query8,OK,2.890,2
polars_gpu,100,keyorder-plain-snappy,keyorder,plain,snappy,3,query9,OK,11.936,175
polars_gpu,100,keyorder-plain-snappy,keyorder,plain,snappy,3,query10,OK,6.171,20
polars_gpu,100,keyorder-plain-snappy,keyorder,plain,snappy,3,query11,OK,0.545,1706230
polars_gpu,100,keyorder-plain-snappy,keyorder,plain,snappy,3,query12,OK,1.631,2
polars_gpu,100,keyorder-plain-snappy,keyorder,plain,snappy,3,query13,OK,1.590,45
polars_gpu,100,keyorder-plain-snappy,keyorder,plain,snappy,3,query14,OK,1.869,1
polars_gpu,100,keyorder-plain-snappy,keyorder,plain,snappy,3,query15,OK,1.148,1
polars_gpu,100,keyorder-plain-snappy,keyorder,plain,snappy,3,query16,OK,0.830,27840
polars_gpu,100,keyorder-plain-snappy,keyorder,plain,snappy,3,query17,OK,1.721,1
polars_gpu,100,keyorder-plain-snappy,keyorder,plain,snappy,3,query18,OK,1.781,100
polars_gpu,100,keyorder-plain-snappy,keyorder,plain,snappy,3,query19,OK,4.472,1
polars_gpu,100,keyorder-plain-snappy,keyorder,plain,snappy,3,query20,OK,2.309,17971
polars_gpu,100,keyorder-plain-snappy,keyorder,plain,snappy,3,query21,OK,11.006,100
polars_gpu,100,keyorder-plain-snappy,keyorder,plain,snappy,3,query22,OK,0.439,7
polars_gpu,100,shuffle-delta-lz4raw,shuffle,delta,lz4raw,1,query1,OK,2.267,4
polars_gpu,100,shuffle-delta-lz4raw,shuffle,delta,lz4raw,1,query2,OK,0.595,100
polars_gpu,100,shuffle-delta-lz4raw,shuffle,delta,lz4raw,1,query3,OK,1.976,10
polars_gpu,100,shuffle-delta-lz4raw,shuffle,delta,lz4raw,1,query4,OK,1.399,5
polars_gpu,100,shuffle-delta-lz4raw,shuffle,delta,lz4raw,1,query5,OK,1.418,5
polars_gpu,100,shuffle-delta-lz4raw,shuffle,delta,lz4raw,1,query6,OK,0.781,1
polars_gpu,100,shuffle-delta-lz4raw,shuffle,delta,lz4raw,1,query7,OK,4.651,4
polars_gpu,100,shuffle-delta-lz4raw,shuffle,delta,lz4raw,1,query8,OK,1.775,2
polars_gpu,100,shuffle-delta-lz4raw,shuffle,delta,lz4raw,1,query9,OK,6.198,175
polars_gpu,100,shuffle-delta-lz4raw,shuffle,delta,lz4raw,1,query10,OK,3.569,20
polars_gpu,100,shuffle-delta-lz4raw,shuffle,delta,lz4raw,1,query11,OK,0.420,1706230
polars_gpu,100,shuffle-delta-lz4raw,shuffle,delta,lz4raw,1,query12,OK,1.340,2
polars_gpu,100,shuffle-delta-lz4raw,shuffle,delta,lz4raw,1,query13,OK,2.635,45
polars_gpu,100,shuffle-delta-lz4raw,shuffle,delta,lz4raw,1,query14,OK,1.361,1
polars_gpu,100,shuffle-delta-lz4raw,shuffle,delta,lz4raw,1,query15,OK,0.818,1
polars_gpu,100,shuffle-delta-lz4raw,shuffle,delta,lz4raw,1,query16,OK,0.762,27840
polars_gpu,100,shuffle-delta-lz4raw,shuffle,delta,lz4raw,1,query17,OK,0.800,1
polars_gpu,100,shuffle-delta-lz4raw,shuffle,delta,lz4raw,1,query18,OK,1.331,100
polars_gpu,100,shuffle-delta-lz4raw,shuffle,delta,lz4raw,1,query19,OK,3.021,1
polars_gpu,100,shuffle-delta-lz4raw,shuffle,delta,lz4raw,1,query20,OK,1.399,17971
polars_gpu,100,shuffle-delta-lz4raw,shuffle,delta,lz4raw,1,query21,OK,3.540,100
polars_gpu,100,shuffle-delta-lz4raw,shuffle,delta,lz4raw,1,query22,OK,0.841,7
polars_gpu,100,shuffle-delta-lz4raw,shuffle,delta,lz4raw,2,query1,OK,2.937,4
polars_gpu,100,shuffle-delta-lz4raw,shuffle,delta,lz4raw,2,query2,OK,0.597,100
polars_gpu,100,shuffle-delta-lz4raw,shuffle,delta,lz4raw,2,query3,OK,1.925,10
polars_gpu,100,shuffle-delta-lz4raw,shuffle,delta,lz4raw,2,query4,OK,1.208,5
polars_gpu,100,shuffle-delta-lz4raw,shuffle,delta,lz4raw,2,query5,OK,1.693,5
polars_gpu,100,shuffle-delta-lz4raw,shuffle,delta,lz4raw,2,query6,OK,0.741,1
polars_gpu,100,shuffle-delta-lz4raw,shuffle,delta,lz4raw,2,query7,OK,4.745,4
polars_gpu,100,shuffle-delta-lz4raw,shuffle,delta,lz4raw,2,query8,OK,1.875,2
polars_gpu,100,shuffle-delta-lz4raw,shuffle,delta,lz4raw,2,query9,OK,6.013,175
polars_gpu,100,shuffle-delta-lz4raw,shuffle,delta,lz4raw,2,query10,OK,3.847,20
polars_gpu,100,shuffle-delta-lz4raw,shuffle,delta,lz4raw,2,query11,OK,0.425,1706230
polars_gpu,100,shuffle-delta-lz4raw,shuffle,delta,lz4raw,2,query12,OK,1.363,2
polars_gpu,100,shuffle-delta-lz4raw,shuffle,delta,lz4raw,2,query13,OK,2.960,45
polars_gpu,100,shuffle-delta-lz4raw,shuffle,delta,lz4raw,2,query14,OK,1.285,1
polars_gpu,100,shuffle-delta-lz4raw,shuffle,delta,lz4raw,2,query15,OK,0.835,1
polars_gpu,100,shuffle-delta-lz4raw,shuffle,delta,lz4raw,2,query16,OK,0.749,27840
polars_gpu,100,shuffle-delta-lz4raw,shuffle,delta,lz4raw,2,query17,OK,0.869,1
polars_gpu,100,shuffle-delta-lz4raw,shuffle,delta,lz4raw,2,query18,OK,1.403,100
polars_gpu,100,shuffle-delta-lz4raw,shuffle,delta,lz4raw,2,query19,OK,3.183,1
polars_gpu,100,shuffle-delta-lz4raw,shuffle,delta,lz4raw,2,query20,OK,1.600,17971
polars_gpu,100,shuffle-delta-lz4raw,shuffle,delta,lz4raw,2,query21,OK,3.858,100
polars_gpu,100,shuffle-delta-lz4raw,shuffle,delta,lz4raw,2,query22,OK,0.420,7
polars_gpu,100,shuffle-delta-lz4raw,shuffle,delta,lz4raw,3,query1,OK,2.074,4
polars_gpu,100,shuffle-delta-lz4raw,shuffle,delta,lz4raw,3,query2,OK,0.740,100
polars_gpu,100,shuffle-delta-lz4raw,shuffle,delta,lz4raw,3,query3,OK,2.026,10
polars_gpu,100,shuffle-delta-lz4raw,shuffle,delta,lz4raw,3,query4,OK,1.206,5
polars_gpu,100,shuffle-delta-lz4raw,shuffle,delta,lz4raw,3,query5,OK,1.451,5
polars_gpu,100,shuffle-delta-lz4raw,shuffle,delta,lz4raw,3,query6,OK,0.798,1
polars_gpu,100,shuffle-delta-lz4raw,shuffle,delta,lz4raw,3,query7,OK,4.920,4
polars_gpu,100,shuffle-delta-lz4raw,shuffle,delta,lz4raw,3,query8,OK,1.951,2
polars_gpu,100,shuffle-delta-lz4raw,shuffle,delta,lz4raw,3,query9,OK,5.651,175
polars_gpu,100,shuffle-delta-lz4raw,shuffle,delta,lz4raw,3,query10,OK,3.833,20
polars_gpu,100,shuffle-delta-lz4raw,shuffle,delta,lz4raw,3,query11,OK,0.433,1706230
polars_gpu,100,shuffle-delta-lz4raw,shuffle,delta,lz4raw,3,query12,OK,1.284,2
polars_gpu,100,shuffle-delta-lz4raw,shuffle,delta,lz4raw,3,query13,OK,3.127,45
polars_gpu,100,shuffle-delta-lz4raw,shuffle,delta,lz4raw,3,query14,OK,1.250,1
polars_gpu,100,shuffle-delta-lz4raw,shuffle,delta,lz4raw,3,query15,OK,0.792,1
polars_gpu,100,shuffle-delta-lz4raw,shuffle,delta,lz4raw,3,query16,OK,0.799,27840
polars_gpu,100,shuffle-delta-lz4raw,shuffle,delta,lz4raw,3,query17,OK,0.811,1
polars_gpu,100,shuffle-delta-lz4raw,shuffle,delta,lz4raw,3,query18,OK,1.297,100
polars_gpu,100,shuffle-delta-lz4raw,shuffle,delta,lz4raw,3,query19,OK,2.953,1
polars_gpu,100,shuffle-delta-lz4raw,shuffle,delta,lz4raw,3,query20,OK,1.569,17971
polars_gpu,100,shuffle-delta-lz4raw,shuffle,delta,lz4raw,3,query21,OK,3.495,100
polars_gpu,100,shuffle-delta-lz4raw,shuffle,delta,lz4raw,3,query22,OK,0.375,7
polars_gpu,100,shuffle-delta-snappy,shuffle,delta,snappy,1,query1,OK,2.529,4
polars_gpu,100,shuffle-delta-snappy,shuffle,delta,snappy,1,query2,OK,0.552,100
polars_gpu,100,shuffle-delta-snappy,shuffle,delta,snappy,1,query3,OK,2.297,10
polars_gpu,100,shuffle-delta-snappy,shuffle,delta,snappy,1,query4,OK,1.161,5
polars_gpu,100,shuffle-delta-snappy,shuffle,delta,snappy,1,query5,OK,1.586,5
polars_gpu,100,shuffle-delta-snappy,shuffle,delta,snappy,1,query6,OK,0.889,1
polars_gpu,100,shuffle-delta-snappy,shuffle,delta,snappy,1,query7,OK,4.668,4
polars_gpu,100,shuffle-delta-snappy,shuffle,delta,snappy,1,query8,OK,1.794,2
polars_gpu,100,shuffle-delta-snappy,shuffle,delta,snappy,1,query9,OK,5.632,175
polars_gpu,100,shuffle-delta-snappy,shuffle,delta,snappy,1,query10,OK,3.429,20
polars_gpu,100,shuffle-delta-snappy,shuffle,delta,snappy,1,query11,OK,0.430,1706230
polars_gpu,100,shuffle-delta-snappy,shuffle,delta,snappy,1,query12,OK,1.092,2
polars_gpu,100,shuffle-delta-snappy,shuffle,delta,snappy,1,query13,OK,1.786,45
polars_gpu,100,shuffle-delta-snappy,shuffle,delta,snappy,1,query14,OK,1.292,1
polars_gpu,100,shuffle-delta-snappy,shuffle,delta,snappy,1,query15,OK,0.881,1
polars_gpu,100,shuffle-delta-snappy,shuffle,delta,snappy,1,query16,OK,0.691,27840
polars_gpu,100,shuffle-delta-snappy,shuffle,delta,snappy,1,query17,OK,0.903,1
polars_gpu,100,shuffle-delta-snappy,shuffle,delta,snappy,1,query18,OK,1.432,100
polars_gpu,100,shuffle-delta-snappy,shuffle,delta,snappy,1,query19,OK,2.517,1
polars_gpu,100,shuffle-delta-snappy,shuffle,delta,snappy,1,query20,OK,1.810,17971
polars_gpu,100,shuffle-delta-snappy,shuffle,delta,snappy,1,query21,OK,3.550,100
polars_gpu,100,shuffle-delta-snappy,shuffle,delta,snappy,1,query22,OK,0.397,7
polars_gpu,100,shuffle-delta-snappy,shuffle,delta,snappy,2,query1,OK,2.062,4
polars_gpu,100,shuffle-delta-snappy,shuffle,delta,snappy,2,query2,OK,0.698,100
polars_gpu,100,shuffle-delta-snappy,shuffle,delta,snappy,2,query3,OK,1.973,10
polars_gpu,100,shuffle-delta-snappy,shuffle,delta,snappy,2,query4,OK,1.274,5
polars_gpu,100,shuffle-delta-snappy,shuffle,delta,snappy,2,query5,OK,1.438,5
polars_gpu,100,shuffle-delta-snappy,shuffle,delta,snappy,2,query6,OK,0.959,1
polars_gpu,100,shuffle-delta-snappy,shuffle,delta,snappy,2,query7,OK,4.536,4
polars_gpu,100,shuffle-delta-snappy,shuffle,delta,snappy,2,query8,OK,2.090,2
polars_gpu,100,shuffle-delta-snappy,shuffle,delta,snappy,2,query9,OK,5.953,175
polars_gpu,100,shuffle-delta-snappy,shuffle,delta,snappy,2,query10,OK,3.638,20
polars_gpu,100,shuffle-delta-snappy,shuffle,delta,snappy,2,query11,OK,0.433,1706230
polars_gpu,100,shuffle-delta-snappy,shuffle,delta,snappy,2,query12,OK,1.097,2
polars_gpu,100,shuffle-delta-snappy,shuffle,delta,snappy,2,query13,OK,1.837,45
polars_gpu,100,shuffle-delta-snappy,shuffle,delta,snappy,2,query14,OK,1.268,1
polars_gpu,100,shuffle-delta-snappy,shuffle,delta,snappy,2,query15,OK,0.945,1
polars_gpu,100,shuffle-delta-snappy,shuffle,delta,snappy,2,query16,OK,0.698,27840
polars_gpu,100,shuffle-delta-snappy,shuffle,delta,snappy,2,query17,OK,0.841,1
polars_gpu,100,shuffle-delta-snappy,shuffle,delta,snappy,2,query18,OK,1.484,100
polars_gpu,100,shuffle-delta-snappy,shuffle,delta,snappy,2,query19,OK,2.586,1
polars_gpu,100,shuffle-delta-snappy,shuffle,delta,snappy,2,query20,OK,1.778,17971
polars_gpu,100,shuffle-delta-snappy,shuffle,delta,snappy,2,query21,OK,3.530,100
polars_gpu,100,shuffle-delta-snappy,shuffle,delta,snappy,2,query22,OK,0.383,7
polars_gpu,100,shuffle-delta-snappy,shuffle,delta,snappy,3,query1,OK,1.862,4
polars_gpu,100,shuffle-delta-snappy,shuffle,delta,snappy,3,query2,OK,0.601,100
polars_gpu,100,shuffle-delta-snappy,shuffle,delta,snappy,3,query3,OK,1.956,10
polars_gpu,100,shuffle-delta-snappy,shuffle,delta,snappy,3,query4,OK,1.219,5
polars_gpu,100,shuffle-delta-snappy,shuffle,delta,snappy,3,query5,OK,1.611,5
polars_gpu,100,shuffle-delta-snappy,shuffle,delta,snappy,3,query6,OK,0.709,1
polars_gpu,100,shuffle-delta-snappy,shuffle,delta,snappy,3,query7,OK,4.863,4
polars_gpu,100,shuffle-delta-snappy,shuffle,delta,snappy,3,query8,OK,1.828,2
polars_gpu,100,shuffle-delta-snappy,shuffle,delta,snappy,3,query9,OK,5.714,175
polars_gpu,100,shuffle-delta-snappy,shuffle,delta,snappy,3,query10,OK,3.607,20
polars_gpu,100,shuffle-delta-snappy,shuffle,delta,snappy,3,query11,OK,0.399,1706230
polars_gpu,100,shuffle-delta-snappy,shuffle,delta,snappy,3,query12,OK,1.056,2
polars_gpu,100,shuffle-delta-snappy,shuffle,delta,snappy,3,query13,OK,1.776,45
polars_gpu,100,shuffle-delta-snappy,shuffle,delta,snappy,3,query14,OK,1.200,1
polars_gpu,100,shuffle-delta-snappy,shuffle,delta,snappy,3,query15,OK,0.845,1
polars_gpu,100,shuffle-delta-snappy,shuffle,delta,snappy,3,query16,OK,0.693,27840
polars_gpu,100,shuffle-delta-snappy,shuffle,delta,snappy,3,query17,OK,0.846,1
polars_gpu,100,shuffle-delta-snappy,shuffle,delta,snappy,3,query18,OK,1.322,100
polars_gpu,100,shuffle-delta-snappy,shuffle,delta,snappy,3,query19,OK,2.791,1
polars_gpu,100,shuffle-delta-snappy,shuffle,delta,snappy,3,query20,OK,1.457,17971
polars_gpu,100,shuffle-delta-snappy,shuffle,delta,snappy,3,query21,OK,4.039,100
polars_gpu,100,shuffle-delta-snappy,shuffle,delta,snappy,3,query22,OK,0.370,7
polars_gpu,100,shuffle-delta-zstd,shuffle,delta,zstd,1,query1,OK,1.922,4
polars_gpu,100,shuffle-delta-zstd,shuffle,delta,zstd,1,query2,OK,0.568,100
polars_gpu,100,shuffle-delta-zstd,shuffle,delta,zstd,1,query3,OK,2.197,10
polars_gpu,100,shuffle-delta-zstd,shuffle,delta,zstd,1,query4,OK,1.156,5
polars_gpu,100,shuffle-delta-zstd,shuffle,delta,zstd,1,query5,OK,1.437,5
polars_gpu,100,shuffle-delta-zstd,shuffle,delta,zstd,1,query6,OK,0.846,1
polars_gpu,100,shuffle-delta-zstd,shuffle,delta,zstd,1,query7,OK,4.626,4
polars_gpu,100,shuffle-delta-zstd,shuffle,delta,zstd,1,query8,OK,1.774,2
polars_gpu,100,shuffle-delta-zstd,shuffle,delta,zstd,1,query9,OK,5.989,175
polars_gpu,100,shuffle-delta-zstd,shuffle,delta,zstd,1,query10,OK,3.580,20
polars_gpu,100,shuffle-delta-zstd,shuffle,delta,zstd,1,query11,OK,0.450,1706230
polars_gpu,100,shuffle-delta-zstd,shuffle,delta,zstd,1,query12,OK,1.282,2
polars_gpu,100,shuffle-delta-zstd,shuffle,delta,zstd,1,query13,OK,2.057,45
polars_gpu,100,shuffle-delta-zstd,shuffle,delta,zstd,1,query14,OK,1.270,1
polars_gpu,100,shuffle-delta-zstd,shuffle,delta,zstd,1,query15,OK,0.829,1
polars_gpu,100,shuffle-delta-zstd,shuffle,delta,zstd,1,query16,OK,0.740,27840
polars_gpu,100,shuffle-delta-zstd,shuffle,delta,zstd,1,query17,OK,0.880,1
polars_gpu,100,shuffle-delta-zstd,shuffle,delta,zstd,1,query18,OK,1.334,100
polars_gpu,100,shuffle-delta-zstd,shuffle,delta,zstd,1,query19,OK,2.902,1
polars_gpu,100,shuffle-delta-zstd,shuffle,delta,zstd,1,query20,OK,1.493,17971
polars_gpu,100,shuffle-delta-zstd,shuffle,delta,zstd,1,query21,OK,3.921,100
polars_gpu,100,shuffle-delta-zstd,shuffle,delta,zstd,1,query22,OK,0.393,7
polars_gpu,100,shuffle-delta-zstd,shuffle,delta,zstd,2,query1,OK,2.395,4
polars_gpu,100,shuffle-delta-zstd,shuffle,delta,zstd,2,query2,OK,0.587,100
polars_gpu,100,shuffle-delta-zstd,shuffle,delta,zstd,2,query3,OK,2.127,10
polars_gpu,100,shuffle-delta-zstd,shuffle,delta,zstd,2,query4,OK,1.504,5
polars_gpu,100,shuffle-delta-zstd,shuffle,delta,zstd,2,query5,OK,1.573,5
polars_gpu,100,shuffle-delta-zstd,shuffle,delta,zstd,2,query6,OK,0.800,1
polars_gpu,100,shuffle-delta-zstd,shuffle,delta,zstd,2,query7,OK,4.849,4
polars_gpu,100,shuffle-delta-zstd,shuffle,delta,zstd,2,query8,OK,1.980,2
polars_gpu,100,shuffle-delta-zstd,shuffle,delta,zstd,2,query9,OK,5.964,175
polars_gpu,100,shuffle-delta-zstd,shuffle,delta,zstd,2,query10,OK,3.662,20
polars_gpu,100,shuffle-delta-zstd,shuffle,delta,zstd,2,query11,OK,0.532,1706230
polars_gpu,100,shuffle-delta-zstd,shuffle,delta,zstd,2,query12,OK,1.151,2
polars_gpu,100,shuffle-delta-zstd,shuffle,delta,zstd,2,query13,OK,2.310,45
polars_gpu,100,shuffle-delta-zstd,shuffle,delta,zstd,2,query14,OK,1.294,1
polars_gpu,100,shuffle-delta-zstd,shuffle,delta,zstd,2,query15,OK,0.903,1
polars_gpu,100,shuffle-delta-zstd,shuffle,delta,zstd,2,query16,OK,0.723,27840
polars_gpu,100,shuffle-delta-zstd,shuffle,delta,zstd,2,query17,OK,0.938,1
polars_gpu,100,shuffle-delta-zstd,shuffle,delta,zstd,2,query18,OK,1.513,100
polars_gpu,100,shuffle-delta-zstd,shuffle,delta,zstd,2,query19,OK,2.909,1
polars_gpu,100,shuffle-delta-zstd,shuffle,delta,zstd,2,query20,OK,1.550,17971
polars_gpu,100,shuffle-delta-zstd,shuffle,delta,zstd,2,query21,OK,3.888,100
polars_gpu,100,shuffle-delta-zstd,shuffle,delta,zstd,2,query22,OK,0.431,7
polars_gpu,100,shuffle-delta-zstd,shuffle,delta,zstd,3,query1,OK,1.940,4
polars_gpu,100,shuffle-delta-zstd,shuffle,delta,zstd,3,query2,OK,0.563,100
polars_gpu,100,shuffle-delta-zstd,shuffle,delta,zstd,3,query3,OK,2.041,10
polars_gpu,100,shuffle-delta-zstd,shuffle,delta,zstd,3,query4,OK,1.163,5
polars_gpu,100,shuffle-delta-zstd,shuffle,delta,zstd,3,query5,OK,1.535,5
polars_gpu,100,shuffle-delta-zstd,shuffle,delta,zstd,3,query6,OK,0.807,1
polars_gpu,100,shuffle-delta-zstd,shuffle,delta,zstd,3,query7,OK,4.668,4
polars_gpu,100,shuffle-delta-zstd,shuffle,delta,zstd,3,query8,OK,1.800,2
polars_gpu,100,shuffle-delta-zstd,shuffle,delta,zstd,3,query9,OK,6.347,175
polars_gpu,100,shuffle-delta-zstd,shuffle,delta,zstd,3,query10,OK,3.601,20
polars_gpu,100,shuffle-delta-zstd,shuffle,delta,zstd,3,query11,OK,0.547,1706230
polars_gpu,100,shuffle-delta-zstd,shuffle,delta,zstd,3,query12,OK,1.089,2
polars_gpu,100,shuffle-delta-zstd,shuffle,delta,zstd,3,query13,OK,2.078,45
polars_gpu,100,shuffle-delta-zstd,shuffle,delta,zstd,3,query14,OK,1.253,1
polars_gpu,100,shuffle-delta-zstd,shuffle,delta,zstd,3,query15,OK,0.825,1
polars_gpu,100,shuffle-delta-zstd,shuffle,delta,zstd,3,query16,OK,0.725,27840
polars_gpu,100,shuffle-delta-zstd,shuffle,delta,zstd,3,query17,OK,1.251,1
polars_gpu,100,shuffle-delta-zstd,shuffle,delta,zstd,3,query18,OK,1.392,100
polars_gpu,100,shuffle-delta-zstd,shuffle,delta,zstd,3,query19,OK,2.990,1
polars_gpu,100,shuffle-delta-zstd,shuffle,delta,zstd,3,query20,OK,1.512,17971
polars_gpu,100,shuffle-delta-zstd,shuffle,delta,zstd,3,query21,OK,3.601,100
polars_gpu,100,shuffle-delta-zstd,shuffle,delta,zstd,3,query22,OK,0.393,7
polars_gpu,100,shuffle-dict-lz4raw,shuffle,dict,lz4raw,1,query1,OK,2.643,4
polars_gpu,100,shuffle-dict-lz4raw,shuffle,dict,lz4raw,1,query2,OK,0.748,100
polars_gpu,100,shuffle-dict-lz4raw,shuffle,dict,lz4raw,1,query3,OK,4.441,10
polars_gpu,100,shuffle-dict-lz4raw,shuffle,dict,lz4raw,1,query4,OK,2.518,5
polars_gpu,100,shuffle-dict-lz4raw,shuffle,dict,lz4raw,1,query5,OK,3.251,5
polars_gpu,100,shuffle-dict-lz4raw,shuffle,dict,lz4raw,1,query6,OK,1.253,1
polars_gpu,100,shuffle-dict-lz4raw,shuffle,dict,lz4raw,1,query7,OK,9.891,4
polars_gpu,100,shuffle-dict-lz4raw,shuffle,dict,lz4raw,1,query8,OK,4.725,2
polars_gpu,100,shuffle-dict-lz4raw,shuffle,dict,lz4raw,1,query9,OK,14.582,175
polars_gpu,100,shuffle-dict-lz4raw,shuffle,dict,lz4raw,1,query10,OK,7.112,20
polars_gpu,100,shuffle-dict-lz4raw,shuffle,dict,lz4raw,1,query11,OK,0.619,1706230
polars_gpu,100,shuffle-dict-lz4raw,shuffle,dict,lz4raw,1,query12,OK,1.880,2
polars_gpu,100,shuffle-dict-lz4raw,shuffle,dict,lz4raw,1,query13,OK,2.731,45
polars_gpu,100,shuffle-dict-lz4raw,shuffle,dict,lz4raw,1,query14,OK,2.131,1
polars_gpu,100,shuffle-dict-lz4raw,shuffle,dict,lz4raw,1,query15,OK,1.677,1
polars_gpu,100,shuffle-dict-lz4raw,shuffle,dict,lz4raw,1,query16,OK,0.851,27840
polars_gpu,100,shuffle-dict-lz4raw,shuffle,dict,lz4raw,1,query17,OK,2.105,1
polars_gpu,100,shuffle-dict-lz4raw,shuffle,dict,lz4raw,1,query18,OK,3.252,100
polars_gpu,100,shuffle-dict-lz4raw,shuffle,dict,lz4raw,1,query19,OK,4.743,1
polars_gpu,100,shuffle-dict-lz4raw,shuffle,dict,lz4raw,1,query20,OK,3.147,17971
polars_gpu,100,shuffle-dict-lz4raw,shuffle,dict,lz4raw,1,query21,OK,11.187,100
polars_gpu,100,shuffle-dict-lz4raw,shuffle,dict,lz4raw,1,query22,OK,0.457,7
polars_gpu,100,shuffle-dict-lz4raw,shuffle,dict,lz4raw,2,query1,OK,2.643,4
polars_gpu,100,shuffle-dict-lz4raw,shuffle,dict,lz4raw,2,query2,OK,0.730,100
polars_gpu,100,shuffle-dict-lz4raw,shuffle,dict,lz4raw,2,query3,OK,4.449,10
polars_gpu,100,shuffle-dict-lz4raw,shuffle,dict,lz4raw,2,query4,OK,2.019,5
polars_gpu,100,shuffle-dict-lz4raw,shuffle,dict,lz4raw,2,query5,OK,3.281,5
polars_gpu,100,shuffle-dict-lz4raw,shuffle,dict,lz4raw,2,query6,OK,1.388,1
polars_gpu,100,shuffle-dict-lz4raw,shuffle,dict,lz4raw,2,query7,OK,10.300,4
polars_gpu,100,shuffle-dict-lz4raw,shuffle,dict,lz4raw,2,query8,OK,4.598,2
polars_gpu,100,shuffle-dict-lz4raw,shuffle,dict,lz4raw,2,query9,OK,14.490,175
polars_gpu,100,shuffle-dict-lz4raw,shuffle,dict,lz4raw,2,query10,OK,7.654,20
polars_gpu,100,shuffle-dict-lz4raw,shuffle,dict,lz4raw,2,query11,OK,0.627,1706230
polars_gpu,100,shuffle-dict-lz4raw,shuffle,dict,lz4raw,2,query12,OK,1.708,2
polars_gpu,100,shuffle-dict-lz4raw,shuffle,dict,lz4raw,2,query13,OK,2.940,45
polars_gpu,100,shuffle-dict-lz4raw,shuffle,dict,lz4raw,2,query14,OK,2.136,1
polars_gpu,100,shuffle-dict-lz4raw,shuffle,dict,lz4raw,2,query15,OK,1.680,1
polars_gpu,100,shuffle-dict-lz4raw,shuffle,dict,lz4raw,2,query16,OK,0.834,27840
polars_gpu,100,shuffle-dict-lz4raw,shuffle,dict,lz4raw,2,query17,OK,2.170,1
polars_gpu,100,shuffle-dict-lz4raw,shuffle,dict,lz4raw,2,query18,OK,3.794,100
polars_gpu,100,shuffle-dict-lz4raw,shuffle,dict,lz4raw,2,query19,OK,4.574,1
polars_gpu,100,shuffle-dict-lz4raw,shuffle,dict,lz4raw,2,query20,OK,2.961,17971
polars_gpu,100,shuffle-dict-lz4raw,shuffle,dict,lz4raw,2,query21,OK,11.413,100
polars_gpu,100,shuffle-dict-lz4raw,shuffle,dict,lz4raw,2,query22,OK,0.467,7
polars_gpu,100,shuffle-dict-lz4raw,shuffle,dict,lz4raw,3,query1,OK,2.702,4
polars_gpu,100,shuffle-dict-lz4raw,shuffle,dict,lz4raw,3,query2,OK,0.747,100
polars_gpu,100,shuffle-dict-lz4raw,shuffle,dict,lz4raw,3,query3,OK,4.583,10
polars_gpu,100,shuffle-dict-lz4raw,shuffle,dict,lz4raw,3,query4,OK,2.016,5
polars_gpu,100,shuffle-dict-lz4raw,shuffle,dict,lz4raw,3,query5,OK,3.178,5
polars_gpu,100,shuffle-dict-lz4raw,shuffle,dict,lz4raw,3,query6,OK,1.272,1
polars_gpu,100,shuffle-dict-lz4raw,shuffle,dict,lz4raw,3,query7,OK,9.792,4
polars_gpu,100,shuffle-dict-lz4raw,shuffle,dict,lz4raw,3,query8,OK,4.390,2
polars_gpu,100,shuffle-dict-lz4raw,shuffle,dict,lz4raw,3,query9,OK,14.019,175
polars_gpu,100,shuffle-dict-lz4raw,shuffle,dict,lz4raw,3,query10,OK,7.180,20
polars_gpu,100,shuffle-dict-lz4raw,shuffle,dict,lz4raw,3,query11,OK,0.616,1706230
polars_gpu,100,shuffle-dict-lz4raw,shuffle,dict,lz4raw,3,query12,OK,1.631,2
polars_gpu,100,shuffle-dict-lz4raw,shuffle,dict,lz4raw,3,query13,OK,2.643,45
polars_gpu,100,shuffle-dict-lz4raw,shuffle,dict,lz4raw,3,query14,OK,2.168,1
polars_gpu,100,shuffle-dict-lz4raw,shuffle,dict,lz4raw,3,query15,OK,1.601,1
polars_gpu,100,shuffle-dict-lz4raw,shuffle,dict,lz4raw,3,query16,OK,0.835,27840
polars_gpu,100,shuffle-dict-lz4raw,shuffle,dict,lz4raw,3,query17,OK,2.059,1
polars_gpu,100,shuffle-dict-lz4raw,shuffle,dict,lz4raw,3,query18,OK,3.266,100
polars_gpu,100,shuffle-dict-lz4raw,shuffle,dict,lz4raw,3,query19,OK,4.528,1
polars_gpu,100,shuffle-dict-lz4raw,shuffle,dict,lz4raw,3,query20,OK,2.816,17971
polars_gpu,100,shuffle-dict-lz4raw,shuffle,dict,lz4raw,3,query21,OK,11.531,100
polars_gpu,100,shuffle-dict-lz4raw,shuffle,dict,lz4raw,3,query22,OK,0.447,7
polars_gpu,100,shuffle-dict-snappy,shuffle,dict,snappy,1,query1,OK,2.451,4
polars_gpu,100,shuffle-dict-snappy,shuffle,dict,snappy,1,query2,OK,0.636,100
polars_gpu,100,shuffle-dict-snappy,shuffle,dict,snappy,1,query3,OK,3.674,10
polars_gpu,100,shuffle-dict-snappy,shuffle,dict,snappy,1,query4,OK,1.659,5
polars_gpu,100,shuffle-dict-snappy,shuffle,dict,snappy,1,query5,OK,2.562,5
polars_gpu,100,shuffle-dict-snappy,shuffle,dict,snappy,1,query6,OK,1.225,1
polars_gpu,100,shuffle-dict-snappy,shuffle,dict,snappy,1,query7,OK,8.953,4
polars_gpu,100,shuffle-dict-snappy,shuffle,dict,snappy,1,query8,OK,3.010,2
polars_gpu,100,shuffle-dict-snappy,shuffle,dict,snappy,1,query9,OK,14.074,175
polars_gpu,100,shuffle-dict-snappy,shuffle,dict,snappy,1,query10,OK,6.319,20
polars_gpu,100,shuffle-dict-snappy,shuffle,dict,snappy,1,query11,OK,0.522,1706230
polars_gpu,100,shuffle-dict-snappy,shuffle,dict,snappy,1,query12,OK,1.224,2
polars_gpu,100,shuffle-dict-snappy,shuffle,dict,snappy,1,query13,OK,1.685,45
polars_gpu,100,shuffle-dict-snappy,shuffle,dict,snappy,1,query14,OK,1.733,1
polars_gpu,100,shuffle-dict-snappy,shuffle,dict,snappy,1,query15,OK,1.105,1
polars_gpu,100,shuffle-dict-snappy,shuffle,dict,snappy,1,query16,OK,0.752,27840
polars_gpu,100,shuffle-dict-snappy,shuffle,dict,snappy,1,query17,OK,1.742,1
polars_gpu,100,shuffle-dict-snappy,shuffle,dict,snappy,1,query18,OK,2.656,100
polars_gpu,100,shuffle-dict-snappy,shuffle,dict,snappy,1,query19,OK,4.127,1
polars_gpu,100,shuffle-dict-snappy,shuffle,dict,snappy,1,query20,OK,2.172,17971
polars_gpu,100,shuffle-dict-snappy,shuffle,dict,snappy,1,query21,OK,9.912,100
polars_gpu,100,shuffle-dict-snappy,shuffle,dict,snappy,1,query22,OK,0.423,7
polars_gpu,100,shuffle-dict-snappy,shuffle,dict,snappy,2,query1,OK,2.466,4
polars_gpu,100,shuffle-dict-snappy,shuffle,dict,snappy,2,query2,OK,0.598,100
polars_gpu,100,shuffle-dict-snappy,shuffle,dict,snappy,2,query3,OK,3.874,10
polars_gpu,100,shuffle-dict-snappy,shuffle,dict,snappy,2,query4,OK,1.628,5
polars_gpu,100,shuffle-dict-snappy,shuffle,dict,snappy,2,query5,OK,2.195,5
polars_gpu,100,shuffle-dict-snappy,shuffle,dict,snappy,2,query6,OK,1.063,1
polars_gpu,100,shuffle-dict-snappy,shuffle,dict,snappy,2,query7,OK,8.973,4
polars_gpu,100,shuffle-dict-snappy,shuffle,dict,snappy,2,query8,OK,2.835,2
polars_gpu,100,shuffle-dict-snappy,shuffle,dict,snappy,2,query9,OK,13.963,175
polars_gpu,100,shuffle-dict-snappy,shuffle,dict,snappy,2,query10,OK,6.044,20
polars_gpu,100,shuffle-dict-snappy,shuffle,dict,snappy,2,query11,OK,0.529,1706230
polars_gpu,100,shuffle-dict-snappy,shuffle,dict,snappy,2,query12,OK,1.256,2
polars_gpu,100,shuffle-dict-snappy,shuffle,dict,snappy,2,query13,OK,1.602,45
polars_gpu,100,shuffle-dict-snappy,shuffle,dict,snappy,2,query14,OK,1.486,1
polars_gpu,100,shuffle-dict-snappy,shuffle,dict,snappy,2,query15,OK,1.033,1
polars_gpu,100,shuffle-dict-snappy,shuffle,dict,snappy,2,query16,OK,1.029,27840
polars_gpu,100,shuffle-dict-snappy,shuffle,dict,snappy,2,query17,OK,1.637,1
polars_gpu,100,shuffle-dict-snappy,shuffle,dict,snappy,2,query18,OK,2.790,100
polars_gpu,100,shuffle-dict-snappy,shuffle,dict,snappy,2,query19,OK,3.969,1
polars_gpu,100,shuffle-dict-snappy,shuffle,dict,snappy,2,query20,OK,2.064,17971
polars_gpu,100,shuffle-dict-snappy,shuffle,dict,snappy,2,query21,OK,9.724,100
polars_gpu,100,shuffle-dict-snappy,shuffle,dict,snappy,2,query22,OK,0.514,7
polars_gpu,100,shuffle-dict-snappy,shuffle,dict,snappy,3,query1,OK,2.671,4
polars_gpu,100,shuffle-dict-snappy,shuffle,dict,snappy,3,query2,OK,0.644,100
polars_gpu,100,shuffle-dict-snappy,shuffle,dict,snappy,3,query3,OK,3.819,10
polars_gpu,100,shuffle-dict-snappy,shuffle,dict,snappy,3,query4,OK,1.637,5
polars_gpu,100,shuffle-dict-snappy,shuffle,dict,snappy,3,query5,OK,2.284,5
polars_gpu,100,shuffle-dict-snappy,shuffle,dict,snappy,3,query6,OK,1.094,1
polars_gpu,100,shuffle-dict-snappy,shuffle,dict,snappy,3,query7,OK,9.111,4
polars_gpu,100,shuffle-dict-snappy,shuffle,dict,snappy,3,query8,OK,3.237,2
polars_gpu,100,shuffle-dict-snappy,shuffle,dict,snappy,3,query9,OK,13.888,175
polars_gpu,100,shuffle-dict-snappy,shuffle,dict,snappy,3,query10,OK,6.529,20
polars_gpu,100,shuffle-dict-snappy,shuffle,dict,snappy,3,query11,OK,0.539,1706230
polars_gpu,100,shuffle-dict-snappy,shuffle,dict,snappy,3,query12,OK,1.221,2
polars_gpu,100,shuffle-dict-snappy,shuffle,dict,snappy,3,query13,OK,1.579,45
polars_gpu,100,shuffle-dict-snappy,shuffle,dict,snappy,3,query14,OK,1.577,1
polars_gpu,100,shuffle-dict-snappy,shuffle,dict,snappy,3,query15,OK,1.060,1
polars_gpu,100,shuffle-dict-snappy,shuffle,dict,snappy,3,query16,OK,0.948,27840
polars_gpu,100,shuffle-dict-snappy,shuffle,dict,snappy,3,query17,OK,1.753,1
polars_gpu,100,shuffle-dict-snappy,shuffle,dict,snappy,3,query18,OK,2.688,100
polars_gpu,100,shuffle-dict-snappy,shuffle,dict,snappy,3,query19,OK,3.964,1
polars_gpu,100,shuffle-dict-snappy,shuffle,dict,snappy,3,query20,OK,2.173,17971
polars_gpu,100,shuffle-dict-snappy,shuffle,dict,snappy,3,query21,OK,10.476,100
polars_gpu,100,shuffle-dict-snappy,shuffle,dict,snappy,3,query22,OK,0.413,7
polars_gpu,100,shuffle-dict-zstd,shuffle,dict,zstd,1,query1,OK,2.708,4
polars_gpu,100,shuffle-dict-zstd,shuffle,dict,zstd,1,query2,OK,0.782,100
polars_gpu,100,shuffle-dict-zstd,shuffle,dict,zstd,1,query3,OK,4.148,10
polars_gpu,100,shuffle-dict-zstd,shuffle,dict,zstd,1,query4,OK,1.879,5
polars_gpu,100,shuffle-dict-zstd,shuffle,dict,zstd,1,query5,OK,2.768,5
polars_gpu,100,shuffle-dict-zstd,shuffle,dict,zstd,1,query6,OK,1.212,1
polars_gpu,100,shuffle-dict-zstd,shuffle,dict,zstd,1,query7,OK,9.366,4
polars_gpu,100,shuffle-dict-zstd,shuffle,dict,zstd,1,query8,OK,3.829,2
polars_gpu,100,shuffle-dict-zstd,shuffle,dict,zstd,1,query9,OK,15.159,175
polars_gpu,100,shuffle-dict-zstd,shuffle,dict,zstd,1,query10,OK,7.059,20
polars_gpu,100,shuffle-dict-zstd,shuffle,dict,zstd,1,query11,OK,0.569,1706230
polars_gpu,100,shuffle-dict-zstd,shuffle,dict,zstd,1,query12,OK,1.503,2
polars_gpu,100,shuffle-dict-zstd,shuffle,dict,zstd,1,query13,OK,1.964,45
polars_gpu,100,shuffle-dict-zstd,shuffle,dict,zstd,1,query14,OK,1.771,1
polars_gpu,100,shuffle-dict-zstd,shuffle,dict,zstd,1,query15,OK,1.463,1
polars_gpu,100,shuffle-dict-zstd,shuffle,dict,zstd,1,query16,OK,0.792,27840
polars_gpu,100,shuffle-dict-zstd,shuffle,dict,zstd,1,query17,OK,2.296,1
polars_gpu,100,shuffle-dict-zstd,shuffle,dict,zstd,1,query18,OK,2.908,100
polars_gpu,100,shuffle-dict-zstd,shuffle,dict,zstd,1,query19,OK,4.619,1
polars_gpu,100,shuffle-dict-zstd,shuffle,dict,zstd,1,query20,OK,2.505,17971
polars_gpu,100,shuffle-dict-zstd,shuffle,dict,zstd,1,query21,OK,10.404,100
polars_gpu,100,shuffle-dict-zstd,shuffle,dict,zstd,1,query22,OK,0.576,7
polars_gpu,100,shuffle-dict-zstd,shuffle,dict,zstd,2,query1,OK,2.714,4
polars_gpu,100,shuffle-dict-zstd,shuffle,dict,zstd,2,query2,OK,0.649,100
polars_gpu,100,shuffle-dict-zstd,shuffle,dict,zstd,2,query3,OK,4.160,10
polars_gpu,100,shuffle-dict-zstd,shuffle,dict,zstd,2,query4,OK,1.864,5
polars_gpu,100,shuffle-dict-zstd,shuffle,dict,zstd,2,query5,OK,2.752,5
polars_gpu,100,shuffle-dict-zstd,shuffle,dict,zstd,2,query6,OK,1.338,1
polars_gpu,100,shuffle-dict-zstd,shuffle,dict,zstd,2,query7,OK,9.445,4
polars_gpu,100,shuffle-dict-zstd,shuffle,dict,zstd,2,query8,OK,3.591,2
polars_gpu,100,shuffle-dict-zstd,shuffle,dict,zstd,2,query9,OK,15.009,175
polars_gpu,100,shuffle-dict-zstd,shuffle,dict,zstd,2,query10,OK,6.586,20
polars_gpu,100,shuffle-dict-zstd,shuffle,dict,zstd,2,query11,OK,0.572,1706230
polars_gpu,100,shuffle-dict-zstd,shuffle,dict,zstd,2,query12,OK,1.577,2
polars_gpu,100,shuffle-dict-zstd,shuffle,dict,zstd,2,query13,OK,1.862,45
polars_gpu,100,shuffle-dict-zstd,shuffle,dict,zstd,2,query14,OK,2.037,1
polars_gpu,100,shuffle-dict-zstd,shuffle,dict,zstd,2,query15,OK,1.430,1
polars_gpu,100,shuffle-dict-zstd,shuffle,dict,zstd,2,query16,OK,1.152,27840
polars_gpu,100,shuffle-dict-zstd,shuffle,dict,zstd,2,query17,OK,1.854,1
polars_gpu,100,shuffle-dict-zstd,shuffle,dict,zstd,2,query18,OK,2.879,100
polars_gpu,100,shuffle-dict-zstd,shuffle,dict,zstd,2,query19,OK,4.546,1
polars_gpu,100,shuffle-dict-zstd,shuffle,dict,zstd,2,query20,OK,2.711,17971
polars_gpu,100,shuffle-dict-zstd,shuffle,dict,zstd,2,query21,OK,10.424,100
polars_gpu,100,shuffle-dict-zstd,shuffle,dict,zstd,2,query22,OK,0.466,7
polars_gpu,100,shuffle-dict-zstd,shuffle,dict,zstd,3,query1,OK,2.794,4
polars_gpu,100,shuffle-dict-zstd,shuffle,dict,zstd,3,query2,OK,0.860,100
polars_gpu,100,shuffle-dict-zstd,shuffle,dict,zstd,3,query3,OK,4.211,10
polars_gpu,100,shuffle-dict-zstd,shuffle,dict,zstd,3,query4,OK,2.329,5
polars_gpu,100,shuffle-dict-zstd,shuffle,dict,zstd,3,query5,OK,2.709,5
polars_gpu,100,shuffle-dict-zstd,shuffle,dict,zstd,3,query6,OK,1.317,1
polars_gpu,100,shuffle-dict-zstd,shuffle,dict,zstd,3,query7,OK,9.562,4
polars_gpu,100,shuffle-dict-zstd,shuffle,dict,zstd,3,query8,OK,3.529,2
polars_gpu,100,shuffle-dict-zstd,shuffle,dict,zstd,3,query9,OK,15.288,175
polars_gpu,100,shuffle-dict-zstd,shuffle,dict,zstd,3,query10,OK,6.542,20
polars_gpu,100,shuffle-dict-zstd,shuffle,dict,zstd,3,query11,OK,0.579,1706230
polars_gpu,100,shuffle-dict-zstd,shuffle,dict,zstd,3,query12,OK,1.526,2
polars_gpu,100,shuffle-dict-zstd,shuffle,dict,zstd,3,query13,OK,2.205,45
polars_gpu,100,shuffle-dict-zstd,shuffle,dict,zstd,3,query14,OK,1.780,1
polars_gpu,100,shuffle-dict-zstd,shuffle,dict,zstd,3,query15,OK,1.536,1
polars_gpu,100,shuffle-dict-zstd,shuffle,dict,zstd,3,query16,OK,0.790,27840
polars_gpu,100,shuffle-dict-zstd,shuffle,dict,zstd,3,query17,OK,1.842,1
polars_gpu,100,shuffle-dict-zstd,shuffle,dict,zstd,3,query18,OK,2.884,100
polars_gpu,100,shuffle-dict-zstd,shuffle,dict,zstd,3,query19,OK,4.495,1
polars_gpu,100,shuffle-dict-zstd,shuffle,dict,zstd,3,query20,OK,2.706,17971
polars_gpu,100,shuffle-dict-zstd,shuffle,dict,zstd,3,query21,OK,10.567,100
polars_gpu,100,shuffle-dict-zstd,shuffle,dict,zstd,3,query22,OK,0.465,7
polars_gpu,100,shuffle-plain-lz4raw,shuffle,plain,lz4raw,1,query1,OK,4.130,4
polars_gpu,100,shuffle-plain-lz4raw,shuffle,plain,lz4raw,1,query2,OK,0.768,100
polars_gpu,100,shuffle-plain-lz4raw,shuffle,plain,lz4raw,1,query3,OK,5.745,10
polars_gpu,100,shuffle-plain-lz4raw,shuffle,plain,lz4raw,1,query4,OK,2.325,5
polars_gpu,100,shuffle-plain-lz4raw,shuffle,plain,lz4raw,1,query5,OK,3.613,5
polars_gpu,100,shuffle-plain-lz4raw,shuffle,plain,lz4raw,1,query6,OK,1.979,1
polars_gpu,100,shuffle-plain-lz4raw,shuffle,plain,lz4raw,1,query7,OK,10.859,4
polars_gpu,100,shuffle-plain-lz4raw,shuffle,plain,lz4raw,1,query8,OK,4.883,2
polars_gpu,100,shuffle-plain-lz4raw,shuffle,plain,lz4raw,1,query9,OK,15.020,175
polars_gpu,100,shuffle-plain-lz4raw,shuffle,plain,lz4raw,1,query10,OK,7.327,20
polars_gpu,100,shuffle-plain-lz4raw,shuffle,plain,lz4raw,1,query11,OK,0.620,1706230
polars_gpu,100,shuffle-plain-lz4raw,shuffle,plain,lz4raw,1,query12,OK,2.642,2
polars_gpu,100,shuffle-plain-lz4raw,shuffle,plain,lz4raw,1,query13,OK,3.347,45
polars_gpu,100,shuffle-plain-lz4raw,shuffle,plain,lz4raw,1,query14,OK,2.766,1
polars_gpu,100,shuffle-plain-lz4raw,shuffle,plain,lz4raw,1,query15,OK,1.959,1
polars_gpu,100,shuffle-plain-lz4raw,shuffle,plain,lz4raw,1,query16,OK,0.989,27840
polars_gpu,100,shuffle-plain-lz4raw,shuffle,plain,lz4raw,1,query17,OK,2.115,1
polars_gpu,100,shuffle-plain-lz4raw,shuffle,plain,lz4raw,1,query18,OK,3.359,100
polars_gpu,100,shuffle-plain-lz4raw,shuffle,plain,lz4raw,1,query19,OK,6.773,1
polars_gpu,100,shuffle-plain-lz4raw,shuffle,plain,lz4raw,1,query20,OK,3.258,17971
polars_gpu,100,shuffle-plain-lz4raw,shuffle,plain,lz4raw,1,query21,OK,13.320,100
polars_gpu,100,shuffle-plain-lz4raw,shuffle,plain,lz4raw,1,query22,OK,0.597,7
polars_gpu,100,shuffle-plain-lz4raw,shuffle,plain,lz4raw,2,query1,OK,3.685,4
polars_gpu,100,shuffle-plain-lz4raw,shuffle,plain,lz4raw,2,query2,OK,0.850,100
polars_gpu,100,shuffle-plain-lz4raw,shuffle,plain,lz4raw,2,query3,OK,5.780,10
polars_gpu,100,shuffle-plain-lz4raw,shuffle,plain,lz4raw,2,query4,OK,2.574,5
polars_gpu,100,shuffle-plain-lz4raw,shuffle,plain,lz4raw,2,query5,OK,3.825,5
polars_gpu,100,shuffle-plain-lz4raw,shuffle,plain,lz4raw,2,query6,OK,1.946,1
polars_gpu,100,shuffle-plain-lz4raw,shuffle,plain,lz4raw,2,query7,OK,10.844,4
polars_gpu,100,shuffle-plain-lz4raw,shuffle,plain,lz4raw,2,query8,OK,4.966,2
polars_gpu,100,shuffle-plain-lz4raw,shuffle,plain,lz4raw,2,query9,OK,14.890,175
polars_gpu,100,shuffle-plain-lz4raw,shuffle,plain,lz4raw,2,query10,OK,7.395,20
polars_gpu,100,shuffle-plain-lz4raw,shuffle,plain,lz4raw,2,query11,OK,0.655,1706230
polars_gpu,100,shuffle-plain-lz4raw,shuffle,plain,lz4raw,2,query12,OK,2.725,2
polars_gpu,100,shuffle-plain-lz4raw,shuffle,plain,lz4raw,2,query13,OK,3.020,45
polars_gpu,100,shuffle-plain-lz4raw,shuffle,plain,lz4raw,2,query14,OK,2.719,1
polars_gpu,100,shuffle-plain-lz4raw,shuffle,plain,lz4raw,2,query15,OK,1.921,1
polars_gpu,100,shuffle-plain-lz4raw,shuffle,plain,lz4raw,2,query16,OK,1.031,27840
polars_gpu,100,shuffle-plain-lz4raw,shuffle,plain,lz4raw,2,query17,OK,2.315,1
polars_gpu,100,shuffle-plain-lz4raw,shuffle,plain,lz4raw,2,query18,OK,3.374,100
polars_gpu,100,shuffle-plain-lz4raw,shuffle,plain,lz4raw,2,query19,OK,6.519,1
polars_gpu,100,shuffle-plain-lz4raw,shuffle,plain,lz4raw,2,query20,OK,3.446,17971
polars_gpu,100,shuffle-plain-lz4raw,shuffle,plain,lz4raw,2,query21,OK,13.391,100
polars_gpu,100,shuffle-plain-lz4raw,shuffle,plain,lz4raw,2,query22,OK,0.463,7
polars_gpu,100,shuffle-plain-lz4raw,shuffle,plain,lz4raw,3,query1,OK,3.985,4
polars_gpu,100,shuffle-plain-lz4raw,shuffle,plain,lz4raw,3,query2,OK,0.772,100
polars_gpu,100,shuffle-plain-lz4raw,shuffle,plain,lz4raw,3,query3,OK,5.942,10
polars_gpu,100,shuffle-plain-lz4raw,shuffle,plain,lz4raw,3,query4,OK,2.441,5
polars_gpu,100,shuffle-plain-lz4raw,shuffle,plain,lz4raw,3,query5,OK,3.994,5
polars_gpu,100,shuffle-plain-lz4raw,shuffle,plain,lz4raw,3,query6,OK,1.865,1
polars_gpu,100,shuffle-plain-lz4raw,shuffle,plain,lz4raw,3,query7,OK,11.565,4
polars_gpu,100,shuffle-plain-lz4raw,shuffle,plain,lz4raw,3,query8,OK,4.907,2
polars_gpu,100,shuffle-plain-lz4raw,shuffle,plain,lz4raw,3,query9,OK,15.165,175
polars_gpu,100,shuffle-plain-lz4raw,shuffle,plain,lz4raw,3,query10,OK,7.141,20
polars_gpu,100,shuffle-plain-lz4raw,shuffle,plain,lz4raw,3,query11,OK,0.705,1706230
polars_gpu,100,shuffle-plain-lz4raw,shuffle,plain,lz4raw,3,query12,OK,2.723,2
polars_gpu,100,shuffle-plain-lz4raw,shuffle,plain,lz4raw,3,query13,OK,3.602,45
polars_gpu,100,shuffle-plain-lz4raw,shuffle,plain,lz4raw,3,query14,OK,2.676,1
polars_gpu,100,shuffle-plain-lz4raw,shuffle,plain,lz4raw,3,query15,OK,1.955,1
polars_gpu,100,shuffle-plain-lz4raw,shuffle,plain,lz4raw,3,query16,OK,0.975,27840
polars_gpu,100,shuffle-plain-lz4raw,shuffle,plain,lz4raw,3,query17,OK,2.176,1
polars_gpu,100,shuffle-plain-lz4raw,shuffle,plain,lz4raw,3,query18,OK,3.329,100
polars_gpu,100,shuffle-plain-lz4raw,shuffle,plain,lz4raw,3,query19,OK,6.559,1
polars_gpu,100,shuffle-plain-lz4raw,shuffle,plain,lz4raw,3,query20,OK,3.249,17971
polars_gpu,100,shuffle-plain-lz4raw,shuffle,plain,lz4raw,3,query21,OK,13.173,100
polars_gpu,100,shuffle-plain-lz4raw,shuffle,plain,lz4raw,3,query22,OK,0.470,7
polars_gpu,100,shuffle-plain-snappy,shuffle,plain,snappy,1,query1,OK,3.357,4
polars_gpu,100,shuffle-plain-snappy,shuffle,plain,snappy,1,query2,OK,0.815,100
polars_gpu,100,shuffle-plain-snappy,shuffle,plain,snappy,1,query3,OK,4.746,10
polars_gpu,100,shuffle-plain-snappy,shuffle,plain,snappy,1,query4,OK,1.959,5
polars_gpu,100,shuffle-plain-snappy,shuffle,plain,snappy,1,query5,OK,2.309,5
polars_gpu,100,shuffle-plain-snappy,shuffle,plain,snappy,1,query6,OK,1.351,1
polars_gpu,100,shuffle-plain-snappy,shuffle,plain,snappy,1,query7,OK,9.739,4
polars_gpu,100,shuffle-plain-snappy,shuffle,plain,snappy,1,query8,OK,3.423,2
polars_gpu,100,shuffle-plain-snappy,shuffle,plain,snappy,1,query9,OK,14.783,175
polars_gpu,100,shuffle-plain-snappy,shuffle,plain,snappy,1,query10,OK,6.504,20
polars_gpu,100,shuffle-plain-snappy,shuffle,plain,snappy,1,query11,OK,0.582,1706230
polars_gpu,100,shuffle-plain-snappy,shuffle,plain,snappy,1,query12,OK,1.842,2
polars_gpu,100,shuffle-plain-snappy,shuffle,plain,snappy,1,query13,OK,1.554,45
polars_gpu,100,shuffle-plain-snappy,shuffle,plain,snappy,1,query14,OK,1.879,1
polars_gpu,100,shuffle-plain-snappy,shuffle,plain,snappy,1,query15,OK,1.298,1
polars_gpu,100,shuffle-plain-snappy,shuffle,plain,snappy,1,query16,OK,0.925,27840
polars_gpu,100,shuffle-plain-snappy,shuffle,plain,snappy,1,query17,OK,2.056,1
polars_gpu,100,shuffle-plain-snappy,shuffle,plain,snappy,1,query18,OK,2.666,100
polars_gpu,100,shuffle-plain-snappy,shuffle,plain,snappy,1,query19,OK,4.854,1
polars_gpu,100,shuffle-plain-snappy,shuffle,plain,snappy,1,query20,OK,2.576,17971
polars_gpu,100,shuffle-plain-snappy,shuffle,plain,snappy,1,query21,OK,12.108,100
polars_gpu,100,shuffle-plain-snappy,shuffle,plain,snappy,1,query22,OK,0.453,7
polars_gpu,100,shuffle-plain-snappy,shuffle,plain,snappy,2,query1,OK,3.493,4
polars_gpu,100,shuffle-plain-snappy,shuffle,plain,snappy,2,query2,OK,0.644,100
polars_gpu,100,shuffle-plain-snappy,shuffle,plain,snappy,2,query3,OK,4.571,10
polars_gpu,100,shuffle-plain-snappy,shuffle,plain,snappy,2,query4,OK,1.889,5
polars_gpu,100,shuffle-plain-snappy,shuffle,plain,snappy,2,query5,OK,2.216,5
polars_gpu,100,shuffle-plain-snappy,shuffle,plain,snappy,2,query6,OK,1.245,1
polars_gpu,100,shuffle-plain-snappy,shuffle,plain,snappy,2,query7,OK,9.819,4
polars_gpu,100,shuffle-plain-snappy,shuffle,plain,snappy,2,query8,OK,2.788,2
polars_gpu,100,shuffle-plain-snappy,shuffle,plain,snappy,2,query9,OK,14.244,175
polars_gpu,100,shuffle-plain-snappy,shuffle,plain,snappy,2,query10,OK,6.066,20
polars_gpu,100,shuffle-plain-snappy,shuffle,plain,snappy,2,query11,OK,0.553,1706230
polars_gpu,100,shuffle-plain-snappy,shuffle,plain,snappy,2,query12,OK,1.760,2
polars_gpu,100,shuffle-plain-snappy,shuffle,plain,snappy,2,query13,OK,1.576,45
polars_gpu,100,shuffle-plain-snappy,shuffle,plain,snappy,2,query14,OK,1.869,1
polars_gpu,100,shuffle-plain-snappy,shuffle,plain,snappy,2,query15,OK,1.140,1
polars_gpu,100,shuffle-plain-snappy,shuffle,plain,snappy,2,query16,OK,0.972,27840
polars_gpu,100,shuffle-plain-snappy,shuffle,plain,snappy,2,query17,OK,1.877,1
polars_gpu,100,shuffle-plain-snappy,shuffle,plain,snappy,2,query18,OK,2.864,100
polars_gpu,100,shuffle-plain-snappy,shuffle,plain,snappy,2,query19,OK,4.470,1
polars_gpu,100,shuffle-plain-snappy,shuffle,plain,snappy,2,query20,OK,2.250,17971
polars_gpu,100,shuffle-plain-snappy,shuffle,plain,snappy,2,query21,OK,11.913,100
polars_gpu,100,shuffle-plain-snappy,shuffle,plain,snappy,2,query22,OK,0.408,7
polars_gpu,100,shuffle-plain-snappy,shuffle,plain,snappy,3,query1,OK,2.919,4
polars_gpu,100,shuffle-plain-snappy,shuffle,plain,snappy,3,query2,OK,0.691,100
polars_gpu,100,shuffle-plain-snappy,shuffle,plain,snappy,3,query3,OK,4.481,10
polars_gpu,100,shuffle-plain-snappy,shuffle,plain,snappy,3,query4,OK,1.936,5
polars_gpu,100,shuffle-plain-snappy,shuffle,plain,snappy,3,query5,OK,2.268,5
polars_gpu,100,shuffle-plain-snappy,shuffle,plain,snappy,3,query6,OK,1.269,1
polars_gpu,100,shuffle-plain-snappy,shuffle,plain,snappy,3,query7,OK,10.397,4
polars_gpu,100,shuffle-plain-snappy,shuffle,plain,snappy,3,query8,OK,3.020,2
polars_gpu,100,shuffle-plain-snappy,shuffle,plain,snappy,3,query9,OK,14.236,175
polars_gpu,100,shuffle-plain-snappy,shuffle,plain,snappy,3,query10,OK,6.431,20
polars_gpu,100,shuffle-plain-snappy,shuffle,plain,snappy,3,query11,OK,0.557,1706230
polars_gpu,100,shuffle-plain-snappy,shuffle,plain,snappy,3,query12,OK,1.778,2
polars_gpu,100,shuffle-plain-snappy,shuffle,plain,snappy,3,query13,OK,1.842,45
polars_gpu,100,shuffle-plain-snappy,shuffle,plain,snappy,3,query14,OK,2.003,1
polars_gpu,100,shuffle-plain-snappy,shuffle,plain,snappy,3,query15,OK,1.205,1
polars_gpu,100,shuffle-plain-snappy,shuffle,plain,snappy,3,query16,OK,1.102,27840
polars_gpu,100,shuffle-plain-snappy,shuffle,plain,snappy,3,query17,OK,1.784,1
polars_gpu,100,shuffle-plain-snappy,shuffle,plain,snappy,3,query18,OK,2.826,100
polars_gpu,100,shuffle-plain-snappy,shuffle,plain,snappy,3,query19,OK,4.707,1
polars_gpu,100,shuffle-plain-snappy,shuffle,plain,snappy,3,query20,OK,2.561,17971
polars_gpu,100,shuffle-plain-snappy,shuffle,plain,snappy,3,query21,OK,12.032,100
polars_gpu,100,shuffle-plain-snappy,shuffle,plain,snappy,3,query22,OK,0.451,7
polars_gpu,100,shuffle-plain-zstd,shuffle,plain,zstd,1,query1,OK,4.334,4
polars_gpu,100,shuffle-plain-zstd,shuffle,plain,zstd,1,query2,OK,0.770,100
polars_gpu,100,shuffle-plain-zstd,shuffle,plain,zstd,1,query3,OK,5.442,10
polars_gpu,100,shuffle-plain-zstd,shuffle,plain,zstd,1,query4,OK,2.658,5
polars_gpu,100,shuffle-plain-zstd,shuffle,plain,zstd,1,query5,OK,2.985,5
polars_gpu,100,shuffle-plain-zstd,shuffle,plain,zstd,1,query6,OK,2.011,1
polars_gpu,100,shuffle-plain-zstd,shuffle,plain,zstd,1,query7,OK,11.144,4
polars_gpu,100,shuffle-plain-zstd,shuffle,plain,zstd,1,query8,OK,3.960,2
polars_gpu,100,shuffle-plain-zstd,shuffle,plain,zstd,1,query9,OK,15.477,175
polars_gpu,100,shuffle-plain-zstd,shuffle,plain,zstd,1,query10,OK,7.503,20
polars_gpu,100,shuffle-plain-zstd,shuffle,plain,zstd,1,query11,OK,0.631,1706230
polars_gpu,100,shuffle-plain-zstd,shuffle,plain,zstd,1,query12,OK,2.248,2
polars_gpu,100,shuffle-plain-zstd,shuffle,plain,zstd,1,query13,OK,2.334,45
polars_gpu,100,shuffle-plain-zstd,shuffle,plain,zstd,1,query14,OK,2.384,1
polars_gpu,100,shuffle-plain-zstd,shuffle,plain,zstd,1,query15,OK,1.654,1
polars_gpu,100,shuffle-plain-zstd,shuffle,plain,zstd,1,query16,OK,0.973,27840
polars_gpu,100,shuffle-plain-zstd,shuffle,plain,zstd,1,query17,OK,2.039,1
polars_gpu,100,shuffle-plain-zstd,shuffle,plain,zstd,1,query18,OK,3.126,100
polars_gpu,100,shuffle-plain-zstd,shuffle,plain,zstd,1,query19,OK,6.440,1
polars_gpu,100,shuffle-plain-zstd,shuffle,plain,zstd,1,query20,OK,2.926,17971
polars_gpu,100,shuffle-plain-zstd,shuffle,plain,zstd,1,query21,OK,13.112,100
polars_gpu,100,shuffle-plain-zstd,shuffle,plain,zstd,1,query22,OK,0.736,7
polars_gpu,100,shuffle-plain-zstd,shuffle,plain,zstd,2,query1,OK,3.355,4
polars_gpu,100,shuffle-plain-zstd,shuffle,plain,zstd,2,query2,OK,0.770,100
polars_gpu,100,shuffle-plain-zstd,shuffle,plain,zstd,2,query3,OK,5.474,10
polars_gpu,100,shuffle-plain-zstd,shuffle,plain,zstd,2,query4,OK,2.273,5
polars_gpu,100,shuffle-plain-zstd,shuffle,plain,zstd,2,query5,OK,2.979,5
polars_gpu,100,shuffle-plain-zstd,shuffle,plain,zstd,2,query6,OK,1.637,1
polars_gpu,100,shuffle-plain-zstd,shuffle,plain,zstd,2,query7,OK,10.938,4
polars_gpu,100,shuffle-plain-zstd,shuffle,plain,zstd,2,query8,OK,3.975,2
polars_gpu,100,shuffle-plain-zstd,shuffle,plain,zstd,2,query9,OK,15.034,175
polars_gpu,100,shuffle-plain-zstd,shuffle,plain,zstd,2,query10,OK,7.551,20
polars_gpu,100,shuffle-plain-zstd,shuffle,plain,zstd,2,query11,OK,0.731,1706230
polars_gpu,100,shuffle-plain-zstd,shuffle,plain,zstd,2,query12,OK,2.239,2
polars_gpu,100,shuffle-plain-zstd,shuffle,plain,zstd,2,query13,OK,1.950,45
polars_gpu,100,shuffle-plain-zstd,shuffle,plain,zstd,2,query14,OK,2.312,1
polars_gpu,100,shuffle-plain-zstd,shuffle,plain,zstd,2,query15,OK,1.728,1
polars_gpu,100,shuffle-plain-zstd,shuffle,plain,zstd,2,query16,OK,1.004,27840
polars_gpu,100,shuffle-plain-zstd,shuffle,plain,zstd,2,query17,OK,2.009,1
polars_gpu,100,shuffle-plain-zstd,shuffle,plain,zstd,2,query18,OK,3.195,100
polars_gpu,100,shuffle-plain-zstd,shuffle,plain,zstd,2,query19,OK,5.706,1
polars_gpu,100,shuffle-plain-zstd,shuffle,plain,zstd,2,query20,OK,2.888,17971
polars_gpu,100,shuffle-plain-zstd,shuffle,plain,zstd,2,query21,OK,12.819,100
polars_gpu,100,shuffle-plain-zstd,shuffle,plain,zstd,2,query22,OK,0.470,7
polars_gpu,100,shuffle-plain-zstd,shuffle,plain,zstd,3,query1,OK,3.704,4
polars_gpu,100,shuffle-plain-zstd,shuffle,plain,zstd,3,query2,OK,0.840,100
polars_gpu,100,shuffle-plain-zstd,shuffle,plain,zstd,3,query3,OK,5.927,10
polars_gpu,100,shuffle-plain-zstd,shuffle,plain,zstd,3,query4,OK,2.170,5
polars_gpu,100,shuffle-plain-zstd,shuffle,plain,zstd,3,query5,OK,2.890,5
polars_gpu,100,shuffle-plain-zstd,shuffle,plain,zstd,3,query6,OK,1.617,1
polars_gpu,100,shuffle-plain-zstd,shuffle,plain,zstd,3,query7,OK,11.220,4
polars_gpu,100,shuffle-plain-zstd,shuffle,plain,zstd,3,query8,OK,3.828,2
polars_gpu,100,shuffle-plain-zstd,shuffle,plain,zstd,3,query9,OK,15.719,175
polars_gpu,100,shuffle-plain-zstd,shuffle,plain,zstd,3,query10,OK,6.988,20
polars_gpu,100,shuffle-plain-zstd,shuffle,plain,zstd,3,query11,OK,0.598,1706230
polars_gpu,100,shuffle-plain-zstd,shuffle,plain,zstd,3,query12,OK,2.125,2
polars_gpu,100,shuffle-plain-zstd,shuffle,plain,zstd,3,query13,OK,1.934,45
polars_gpu,100,shuffle-plain-zstd,shuffle,plain,zstd,3,query14,OK,2.289,1
polars_gpu,100,shuffle-plain-zstd,shuffle,plain,zstd,3,query15,OK,1.627,1
polars_gpu,100,shuffle-plain-zstd,shuffle,plain,zstd,3,query16,OK,1.348,27840
polars_gpu,100,shuffle-plain-zstd,shuffle,plain,zstd,3,query17,OK,2.114,1
polars_gpu,100,shuffle-plain-zstd,shuffle,plain,zstd,3,query18,OK,3.952,100
polars_gpu,100,shuffle-plain-zstd,shuffle,plain,zstd,3,query19,OK,5.637,1
polars_gpu,100,shuffle-plain-zstd,shuffle,plain,zstd,3,query20,OK,2.762,17971
polars_gpu,100,shuffle-plain-zstd,shuffle,plain,zstd,3,query21,OK,13.012,100
polars_gpu,100,shuffle-plain-zstd,shuffle,plain,zstd,3,query22,OK,0.479,7
rapids,1,keyorder-delta-snappy,keyorder,delta,snappy,1,query1,OK,7.778,4
rapids,1,keyorder-delta-snappy,keyorder,delta,snappy,1,query9,OK,25.607,175
rapids,1,keyorder-delta-snappy,keyorder,delta,snappy,1,query13,OK,11.930,42
rapids,1,keyorder-dict-snappy,keyorder,dict,snappy,1,query1,OK,8.518,4
rapids,1,keyorder-dict-snappy,keyorder,dict,snappy,1,query9,OK,11.516,175
rapids,1,keyorder-dict-snappy,keyorder,dict,snappy,1,query13,OK,14.619,42
rapids,1,keyorder-plain-snappy,keyorder,plain,snappy,1,query1,OK,9.444,4
rapids,1,keyorder-plain-snappy,keyorder,plain,snappy,1,query9,OK,16.583,175
rapids,1,keyorder-plain-snappy,keyorder,plain,snappy,1,query13,OK,8.923,42
rapids,1,shuffle-delta-lz4raw,shuffle,delta,lz4raw,1,query1,OK,14.029,4
rapids,1,shuffle-delta-lz4raw,shuffle,delta,lz4raw,1,query9,OK,31.743,175
rapids,1,shuffle-delta-lz4raw,shuffle,delta,lz4raw,1,query13,OK,11.069,42
rapids,1,shuffle-delta-snappy,shuffle,delta,snappy,1,query1,OK,9.401,4
rapids,1,shuffle-delta-snappy,shuffle,delta,snappy,1,query9,OK,26.660,175
rapids,1,shuffle-delta-snappy,shuffle,delta,snappy,1,query13,OK,7.171,42
rapids,1,shuffle-delta-zstd,shuffle,delta,zstd,1,query1,OK,10.230,4
rapids,1,shuffle-delta-zstd,shuffle,delta,zstd,1,query9,TIMEOUT,754,hung_killed_manually_gpu_100pct_80GB
rapids,1,shuffle-delta-zstd,shuffle,delta,zstd,1,query13,OK,6.348,42
rapids,1,shuffle-dict-lz4raw,shuffle,dict,lz4raw,1,query1,OK,8.010,4
rapids,1,shuffle-dict-lz4raw,shuffle,dict,lz4raw,1,query9,OK,15.923,175
rapids,1,shuffle-dict-lz4raw,shuffle,dict,lz4raw,1,query13,OK,6.353,42
rapids,1,shuffle-dict-snappy,shuffle,dict,snappy,1,query1,OK,19.826,4
rapids,1,shuffle-dict-snappy,shuffle,dict,snappy,1,query9,OK,31.152,175
rapids,1,shuffle-dict-snappy,shuffle,dict,snappy,1,query13,OK,9.914,42
rapids,1,shuffle-dict-zstd,shuffle,dict,zstd,1,query1,OK,15.470,4
rapids,1,shuffle-dict-zstd,shuffle,dict,zstd,1,query9,OK,28.112,175
rapids,1,shuffle-dict-zstd,shuffle,dict,zstd,1,query13,OK,7.157,42
rapids,1,shuffle-plain-lz4raw,shuffle,plain,lz4raw,1,query1,OK,8.777,4
rapids,1,shuffle-plain-lz4raw,shuffle,plain,lz4raw,1,query9,OK,25.724,175
rapids,1,shuffle-plain-lz4raw,shuffle,plain,lz4raw,1,query13,OK,15.109,42
rapids,1,shuffle-plain-snappy,shuffle,plain,snappy,1,query1,OK,7.238,4
rapids,1,shuffle-plain-snappy,shuffle,plain,snappy,1,query9,OK,17.278,175
rapids,1,shuffle-plain-snappy,shuffle,plain,snappy,1,query13,OK,7.863,42
rapids,1,shuffle-plain-zstd,shuffle,plain,zstd,1,query1,OK,8.609,4
rapids,1,shuffle-plain-zstd,shuffle,plain,zstd,1,query9,OK,15.762,175
rapids,1,shuffle-plain-zstd,shuffle,plain,zstd,1,query13,OK,4.868,42
rapids,100,keyorder-delta-snappy,keyorder,delta,snappy,1,query1,OK,8.583,4
rapids,100,keyorder-delta-snappy,keyorder,delta,snappy,1,query2,OK,40.616,100
rapids,100,keyorder-delta-snappy,keyorder,delta,snappy,1,query3,OK,33.855,10
rapids,100,keyorder-delta-snappy,keyorder,delta,snappy,1,query4,OK,20.437,5
rapids,100,keyorder-delta-snappy,keyorder,delta,snappy,1,query5,OK,53.333,5
rapids,100,keyorder-delta-snappy,keyorder,delta,snappy,1,query6,OK,5.701,1
rapids,100,keyorder-delta-snappy,keyorder,delta,snappy,1,query7,OK,39.214,4
rapids,100,keyorder-delta-snappy,keyorder,delta,snappy,1,query8,OK,56.891,2
rapids,100,keyorder-delta-snappy,keyorder,delta,snappy,1,query9,OK,72.476,175
rapids,100,keyorder-delta-snappy,keyorder,delta,snappy,1,query10,OK,35.071,20
rapids,100,keyorder-delta-snappy,keyorder,delta,snappy,1,query11,OK,37.167,1706230
rapids,100,keyorder-delta-snappy,keyorder,delta,snappy,1,query12,OK,16.600,2
rapids,100,keyorder-delta-snappy,keyorder,delta,snappy,1,query13,OK,18.019,45
rapids,100,keyorder-delta-snappy,keyorder,delta,snappy,1,query14,OK,18.914,1
rapids,100,keyorder-delta-snappy,keyorder,delta,snappy,1,query15,OK,33.117,1
rapids,100,keyorder-delta-snappy,keyorder,delta,snappy,1,query16,OK,32.529,27840
rapids,100,keyorder-delta-snappy,keyorder,delta,snappy,1,query17,OK,24.739,1
rapids,100,keyorder-delta-snappy,keyorder,delta,snappy,1,query18,OK,39.819,100
rapids,100,keyorder-delta-snappy,keyorder,delta,snappy,1,query19,OK,14.250,1
rapids,100,keyorder-delta-snappy,keyorder,delta,snappy,1,query20,OK,26.798,17971
rapids,100,keyorder-delta-snappy,keyorder,delta,snappy,1,query21,OK,43.938,100
rapids,100,keyorder-delta-snappy,keyorder,delta,snappy,1,query22,OK,19.896,7
rapids,100,keyorder-delta-snappy,keyorder,delta,snappy,2,query1,OK,9.857,4
rapids,100,keyorder-delta-snappy,keyorder,delta,snappy,2,query2,OK,40.141,100
rapids,100,keyorder-delta-snappy,keyorder,delta,snappy,2,query3,OK,31.448,10
rapids,100,keyorder-delta-snappy,keyorder,delta,snappy,2,query4,OK,16.797,5
rapids,100,keyorder-delta-snappy,keyorder,delta,snappy,2,query5,OK,51.992,5
rapids,100,keyorder-delta-snappy,keyorder,delta,snappy,2,query6,OK,6.278,1
rapids,100,keyorder-delta-snappy,keyorder,delta,snappy,2,query7,OK,35.753,4
rapids,100,keyorder-delta-snappy,keyorder,delta,snappy,2,query8,OK,43.281,2
rapids,100,keyorder-delta-snappy,keyorder,delta,snappy,2,query9,OK,60.985,175
rapids,100,keyorder-delta-snappy,keyorder,delta,snappy,2,query10,OK,32.751,20
rapids,100,keyorder-delta-snappy,keyorder,delta,snappy,2,query11,OK,38.198,1706230
rapids,100,keyorder-delta-snappy,keyorder,delta,snappy,2,query12,OK,18.392,2
rapids,100,keyorder-delta-snappy,keyorder,delta,snappy,2,query13,OK,17.342,45
rapids,100,keyorder-delta-snappy,keyorder,delta,snappy,2,query14,OK,19.683,1
rapids,100,keyorder-delta-snappy,keyorder,delta,snappy,2,query15,OK,33.632,1
rapids,100,keyorder-delta-snappy,keyorder,delta,snappy,2,query16,OK,37.830,27840
rapids,100,keyorder-delta-snappy,keyorder,delta,snappy,2,query17,OK,24.207,1
rapids,100,keyorder-delta-snappy,keyorder,delta,snappy,2,query18,OK,33.534,100
rapids,100,keyorder-delta-snappy,keyorder,delta,snappy,2,query19,OK,14.638,1
rapids,100,keyorder-delta-snappy,keyorder,delta,snappy,2,query20,OK,22.541,17971
rapids,100,keyorder-delta-snappy,keyorder,delta,snappy,2,query21,OK,44.744,100
rapids,100,keyorder-delta-snappy,keyorder,delta,snappy,2,query22,OK,19.245,7
rapids,100,keyorder-delta-snappy,keyorder,delta,snappy,3,query1,OK,8.766,4
rapids,100,keyorder-delta-snappy,keyorder,delta,snappy,3,query2,OK,34.359,100
rapids,100,keyorder-delta-snappy,keyorder,delta,snappy,3,query3,OK,35.383,10
rapids,100,keyorder-delta-snappy,keyorder,delta,snappy,3,query4,OK,17.774,5
rapids,100,keyorder-delta-snappy,keyorder,delta,snappy,3,query5,OK,51.376,5
rapids,100,keyorder-delta-snappy,keyorder,delta,snappy,3,query6,OK,5.640,1
rapids,100,keyorder-delta-snappy,keyorder,delta,snappy,3,query7,OK,42.741,4
rapids,100,keyorder-delta-snappy,keyorder,delta,snappy,3,query8,OK,54.719,2
rapids,100,keyorder-delta-snappy,keyorder,delta,snappy,3,query9,OK,60.889,175
rapids,100,keyorder-delta-snappy,keyorder,delta,snappy,3,query10,OK,36.574,20
rapids,100,keyorder-delta-snappy,keyorder,delta,snappy,3,query11,OK,43.532,1706230
rapids,100,keyorder-delta-snappy,keyorder,delta,snappy,3,query12,OK,21.636,2
rapids,100,keyorder-delta-snappy,keyorder,delta,snappy,3,query13,OK,16.277,45
rapids,100,keyorder-delta-snappy,keyorder,delta,snappy,3,query14,OK,19.158,1
rapids,100,keyorder-delta-snappy,keyorder,delta,snappy,3,query15,OK,32.697,1
rapids,100,keyorder-delta-snappy,keyorder,delta,snappy,3,query16,OK,37.638,27840
rapids,100,keyorder-delta-snappy,keyorder,delta,snappy,3,query17,OK,24.938,1
rapids,100,keyorder-delta-snappy,keyorder,delta,snappy,3,query18,OK,40.547,100
rapids,100,keyorder-delta-snappy,keyorder,delta,snappy,3,query19,OK,15.572,1
rapids,100,keyorder-delta-snappy,keyorder,delta,snappy,3,query20,OK,27.299,17971
rapids,100,keyorder-delta-snappy,keyorder,delta,snappy,3,query21,OK,41.032,100
rapids,100,keyorder-delta-snappy,keyorder,delta,snappy,3,query22,OK,20.584,7
rapids,100,keyorder-dict-snappy,keyorder,dict,snappy,1,query1,OK,9.562,4
rapids,100,keyorder-dict-snappy,keyorder,dict,snappy,1,query2,OK,36.435,100
rapids,100,keyorder-dict-snappy,keyorder,dict,snappy,1,query3,OK,30.196,10
rapids,100,keyorder-dict-snappy,keyorder,dict,snappy,1,query4,OK,19.041,5
rapids,100,keyorder-dict-snappy,keyorder,dict,snappy,1,query5,OK,55.345,5
rapids,100,keyorder-dict-snappy,keyorder,dict,snappy,1,query6,OK,6.971,1
rapids,100,keyorder-dict-snappy,keyorder,dict,snappy,1,query7,OK,38.727,4
rapids,100,keyorder-dict-snappy,keyorder,dict,snappy,1,query8,OK,62.383,2
rapids,100,keyorder-dict-snappy,keyorder,dict,snappy,1,query9,OK,67.498,175
rapids,100,keyorder-dict-snappy,keyorder,dict,snappy,1,query10,OK,36.391,20
rapids,100,keyorder-dict-snappy,keyorder,dict,snappy,1,query11,OK,38.559,1706230
rapids,100,keyorder-dict-snappy,keyorder,dict,snappy,1,query12,OK,17.177,2
rapids,100,keyorder-dict-snappy,keyorder,dict,snappy,1,query13,OK,17.063,45
rapids,100,keyorder-dict-snappy,keyorder,dict,snappy,1,query14,OK,20.161,1
rapids,100,keyorder-dict-snappy,keyorder,dict,snappy,1,query15,OK,36.435,1
rapids,100,keyorder-dict-snappy,keyorder,dict,snappy,1,query16,OK,31.391,27840
rapids,100,keyorder-dict-snappy,keyorder,dict,snappy,1,query17,OK,26.008,1
rapids,100,keyorder-dict-snappy,keyorder,dict,snappy,1,query18,OK,34.403,100
rapids,100,keyorder-dict-snappy,keyorder,dict,snappy,1,query19,OK,13.763,1
rapids,100,keyorder-dict-snappy,keyorder,dict,snappy,1,query20,OK,23.753,17971
rapids,100,keyorder-dict-snappy,keyorder,dict,snappy,1,query21,OK,39.268,100
rapids,100,keyorder-dict-snappy,keyorder,dict,snappy,1,query22,OK,19.484,7
rapids,100,keyorder-dict-snappy,keyorder,dict,snappy,2,query1,OK,8.826,4
rapids,100,keyorder-dict-snappy,keyorder,dict,snappy,2,query2,OK,32.338,100
rapids,100,keyorder-dict-snappy,keyorder,dict,snappy,2,query3,OK,34.887,10
rapids,100,keyorder-dict-snappy,keyorder,dict,snappy,2,query4,OK,18.409,5
rapids,100,keyorder-dict-snappy,keyorder,dict,snappy,2,query5,OK,54.423,5
rapids,100,keyorder-dict-snappy,keyorder,dict,snappy,2,query6,OK,6.703,1
rapids,100,keyorder-dict-snappy,keyorder,dict,snappy,2,query7,OK,33.157,4
rapids,100,keyorder-dict-snappy,keyorder,dict,snappy,2,query8,OK,48.221,2
rapids,100,keyorder-dict-snappy,keyorder,dict,snappy,2,query9,OK,65.800,175
rapids,100,keyorder-dict-snappy,keyorder,dict,snappy,2,query10,OK,28.720,20
rapids,100,keyorder-dict-snappy,keyorder,dict,snappy,2,query11,OK,46.932,1706230
rapids,100,keyorder-dict-snappy,keyorder,dict,snappy,2,query12,OK,18.317,2
rapids,100,keyorder-dict-snappy,keyorder,dict,snappy,2,query13,OK,16.045,45
rapids,100,keyorder-dict-snappy,keyorder,dict,snappy,2,query14,OK,21.554,1
rapids,100,keyorder-dict-snappy,keyorder,dict,snappy,2,query15,OK,34.201,1
rapids,100,keyorder-dict-snappy,keyorder,dict,snappy,2,query16,OK,31.681,27840
rapids,100,keyorder-dict-snappy,keyorder,dict,snappy,2,query17,OK,26.012,1
rapids,100,keyorder-dict-snappy,keyorder,dict,snappy,2,query18,OK,40.354,100
rapids,100,keyorder-dict-snappy,keyorder,dict,snappy,2,query19,OK,15.509,1
rapids,100,keyorder-dict-snappy,keyorder,dict,snappy,2,query20,OK,25.130,17971
rapids,100,keyorder-dict-snappy,keyorder,dict,snappy,2,query21,OK,40.081,100
rapids,100,keyorder-dict-snappy,keyorder,dict,snappy,2,query22,OK,25.020,7
rapids,100,keyorder-dict-snappy,keyorder,dict,snappy,3,query1,OK,9.116,4
rapids,100,keyorder-dict-snappy,keyorder,dict,snappy,3,query2,OK,35.158,100
rapids,100,keyorder-dict-snappy,keyorder,dict,snappy,3,query3,OK,29.808,10
rapids,100,keyorder-dict-snappy,keyorder,dict,snappy,3,query4,OK,18.116,5
rapids,100,keyorder-dict-snappy,keyorder,dict,snappy,3,query5,OK,47.695,5
rapids,100,keyorder-dict-snappy,keyorder,dict,snappy,3,query6,OK,5.981,1
rapids,100,keyorder-dict-snappy,keyorder,dict,snappy,3,query7,OK,33.607,4
rapids,100,keyorder-dict-snappy,keyorder,dict,snappy,3,query8,OK,53.904,2
rapids,100,keyorder-dict-snappy,keyorder,dict,snappy,3,query9,OK,58.748,175
rapids,100,keyorder-dict-snappy,keyorder,dict,snappy,3,query10,OK,29.569,20
rapids,100,keyorder-dict-snappy,keyorder,dict,snappy,3,query11,OK,36.237,1706230
rapids,100,keyorder-dict-snappy,keyorder,dict,snappy,3,query12,OK,16.808,2
rapids,100,keyorder-dict-snappy,keyorder,dict,snappy,3,query13,OK,16.790,45
rapids,100,keyorder-dict-snappy,keyorder,dict,snappy,3,query14,OK,19.459,1
rapids,100,keyorder-dict-snappy,keyorder,dict,snappy,3,query15,OK,32.109,1
rapids,100,keyorder-dict-snappy,keyorder,dict,snappy,3,query16,OK,31.234,27840
rapids,100,keyorder-dict-snappy,keyorder,dict,snappy,3,query17,OK,23.798,1
rapids,100,keyorder-dict-snappy,keyorder,dict,snappy,3,query18,OK,35.666,100
rapids,100,keyorder-dict-snappy,keyorder,dict,snappy,3,query19,OK,15.940,1
rapids,100,keyorder-dict-snappy,keyorder,dict,snappy,3,query20,OK,24.517,17971
rapids,100,keyorder-dict-snappy,keyorder,dict,snappy,3,query21,OK,37.919,100
rapids,100,keyorder-dict-snappy,keyorder,dict,snappy,3,query22,OK,18.060,7
rapids,100,keyorder-plain-snappy,keyorder,plain,snappy,1,query1,OK,9.867,4
rapids,100,keyorder-plain-snappy,keyorder,plain,snappy,1,query2,OK,33.989,100
rapids,100,keyorder-plain-snappy,keyorder,plain,snappy,1,query3,OK,30.415,10
rapids,100,keyorder-plain-snappy,keyorder,plain,snappy,1,query4,OK,17.641,5
rapids,100,keyorder-plain-snappy,keyorder,plain,snappy,1,query5,OK,48.457,5
rapids,100,keyorder-plain-snappy,keyorder,plain,snappy,1,query6,OK,6.120,1
rapids,100,keyorder-plain-snappy,keyorder,plain,snappy,1,query7,OK,34.012,4
rapids,100,keyorder-plain-snappy,keyorder,plain,snappy,1,query8,OK,52.837,2
rapids,100,keyorder-plain-snappy,keyorder,plain,snappy,1,query9,OK,61.970,175
rapids,100,keyorder-plain-snappy,keyorder,plain,snappy,1,query10,OK,30.762,20
rapids,100,keyorder-plain-snappy,keyorder,plain,snappy,1,query11,OK,37.526,1706230
rapids,100,keyorder-plain-snappy,keyorder,plain,snappy,1,query12,OK,16.838,2
rapids,100,keyorder-plain-snappy,keyorder,plain,snappy,1,query13,OK,16.132,45
rapids,100,keyorder-plain-snappy,keyorder,plain,snappy,1,query14,OK,21.753,1
rapids,100,keyorder-plain-snappy,keyorder,plain,snappy,1,query15,OK,31.753,1
rapids,100,keyorder-plain-snappy,keyorder,plain,snappy,1,query16,OK,32.255,27840
rapids,100,keyorder-plain-snappy,keyorder,plain,snappy,1,query17,OK,28.171,1
rapids,100,keyorder-plain-snappy,keyorder,plain,snappy,1,query18,OK,32.668,100
rapids,100,keyorder-plain-snappy,keyorder,plain,snappy,1,query19,OK,14.216,1
rapids,100,keyorder-plain-snappy,keyorder,plain,snappy,1,query20,OK,23.818,17971
rapids,100,keyorder-plain-snappy,keyorder,plain,snappy,1,query21,OK,37.423,100
rapids,100,keyorder-plain-snappy,keyorder,plain,snappy,1,query22,OK,17.043,7
rapids,100,keyorder-plain-snappy,keyorder,plain,snappy,2,query1,OK,10.661,4
rapids,100,keyorder-plain-snappy,keyorder,plain,snappy,2,query2,OK,41.654,100
rapids,100,keyorder-plain-snappy,keyorder,plain,snappy,2,query3,OK,35.237,10
rapids,100,keyorder-plain-snappy,keyorder,plain,snappy,2,query4,OK,20.030,5
rapids,100,keyorder-plain-snappy,keyorder,plain,snappy,2,query5,OK,53.887,5
rapids,100,keyorder-plain-snappy,keyorder,plain,snappy,2,query6,OK,5.803,1
rapids,100,keyorder-plain-snappy,keyorder,plain,snappy,2,query7,OK,33.084,4
rapids,100,keyorder-plain-snappy,keyorder,plain,snappy,2,query8,OK,50.978,2
rapids,100,keyorder-plain-snappy,keyorder,plain,snappy,2,query9,OK,61.989,175
rapids,100,keyorder-plain-snappy,keyorder,plain,snappy,2,query10,OK,29.306,20
rapids,100,keyorder-plain-snappy,keyorder,plain,snappy,2,query11,OK,35.282,1706230
rapids,100,keyorder-plain-snappy,keyorder,plain,snappy,2,query12,OK,22.222,2
rapids,100,keyorder-plain-snappy,keyorder,plain,snappy,2,query13,OK,15.602,45
rapids,100,keyorder-plain-snappy,keyorder,plain,snappy,2,query14,OK,21.465,1
rapids,100,keyorder-plain-snappy,keyorder,plain,snappy,2,query15,OK,33.570,1
rapids,100,keyorder-plain-snappy,keyorder,plain,snappy,2,query16,OK,33.824,27840
rapids,100,keyorder-plain-snappy,keyorder,plain,snappy,2,query17,OK,32.186,1
rapids,100,keyorder-plain-snappy,keyorder,plain,snappy,2,query18,OK,34.865,100
rapids,100,keyorder-plain-snappy,keyorder,plain,snappy,2,query19,OK,15.306,1
rapids,100,keyorder-plain-snappy,keyorder,plain,snappy,2,query20,OK,25.793,17971
rapids,100,keyorder-plain-snappy,keyorder,plain,snappy,2,query21,OK,39.983,100
rapids,100,keyorder-plain-snappy,keyorder,plain,snappy,2,query22,OK,18.649,7
rapids,100,keyorder-plain-snappy,keyorder,plain,snappy,3,query1,OK,9.194,4
rapids,100,keyorder-plain-snappy,keyorder,plain,snappy,3,query2,OK,34.467,100
rapids,100,keyorder-plain-snappy,keyorder,plain,snappy,3,query3,OK,28.023,10
rapids,100,keyorder-plain-snappy,keyorder,plain,snappy,3,query4,OK,17.366,5
rapids,100,keyorder-plain-snappy,keyorder,plain,snappy,3,query5,OK,52.195,5
rapids,100,keyorder-plain-snappy,keyorder,plain,snappy,3,query6,OK,6.201,1
rapids,100,keyorder-plain-snappy,keyorder,plain,snappy,3,query7,OK,33.345,4
rapids,100,keyorder-plain-snappy,keyorder,plain,snappy,3,query8,OK,49.133,2
rapids,100,keyorder-plain-snappy,keyorder,plain,snappy,3,query9,OK,64.513,175
rapids,100,keyorder-plain-snappy,keyorder,plain,snappy,3,query10,OK,30.052,20
rapids,100,keyorder-plain-snappy,keyorder,plain,snappy,3,query11,OK,37.386,1706230
rapids,100,keyorder-plain-snappy,keyorder,plain,snappy,3,query12,OK,16.877,2
rapids,100,keyorder-plain-snappy,keyorder,plain,snappy,3,query13,OK,16.782,45
rapids,100,keyorder-plain-snappy,keyorder,plain,snappy,3,query14,OK,24.881,1
rapids,100,keyorder-plain-snappy,keyorder,plain,snappy,3,query15,OK,33.363,1
rapids,100,keyorder-plain-snappy,keyorder,plain,snappy,3,query16,OK,31.838,27840
rapids,100,keyorder-plain-snappy,keyorder,plain,snappy,3,query17,OK,26.089,1
rapids,100,keyorder-plain-snappy,keyorder,plain,snappy,3,query18,OK,32.997,100
rapids,100,keyorder-plain-snappy,keyorder,plain,snappy,3,query19,OK,14.527,1
rapids,100,keyorder-plain-snappy,keyorder,plain,snappy,3,query20,OK,24.939,17971
rapids,100,keyorder-plain-snappy,keyorder,plain,snappy,3,query21,OK,38.842,100
rapids,100,keyorder-plain-snappy,keyorder,plain,snappy,3,query22,OK,19.931,7
rapids,100,shuffle-delta-lz4raw,shuffle,delta,lz4raw,1,query1,OK,8.608,4
rapids,100,shuffle-delta-lz4raw,shuffle,delta,lz4raw,1,query2,OK,34.591,100
rapids,100,shuffle-delta-lz4raw,shuffle,delta,lz4raw,1,query3,OK,28.438,10
rapids,100,shuffle-delta-lz4raw,shuffle,delta,lz4raw,1,query4,OK,17.419,5
rapids,100,shuffle-delta-lz4raw,shuffle,delta,lz4raw,1,query5,OK,48.715,5
rapids,100,shuffle-delta-lz4raw,shuffle,delta,lz4raw,1,query6,OK,5.547,1
rapids,100,shuffle-delta-lz4raw,shuffle,delta,lz4raw,1,query7,OK,33.666,4
rapids,100,shuffle-delta-lz4raw,shuffle,delta,lz4raw,1,query8,OK,49.991,2
rapids,100,shuffle-delta-lz4raw,shuffle,delta,lz4raw,1,query9,OK,57.257,175
rapids,100,shuffle-delta-lz4raw,shuffle,delta,lz4raw,1,query10,OK,29.596,20
rapids,100,shuffle-delta-lz4raw,shuffle,delta,lz4raw,1,query11,OK,36.659,1706230
rapids,100,shuffle-delta-lz4raw,shuffle,delta,lz4raw,1,query12,OK,17.795,2
rapids,100,shuffle-delta-lz4raw,shuffle,delta,lz4raw,1,query13,OK,18.273,45
rapids,100,shuffle-delta-lz4raw,shuffle,delta,lz4raw,1,query14,OK,20.194,1
rapids,100,shuffle-delta-lz4raw,shuffle,delta,lz4raw,1,query15,OK,32.027,1
rapids,100,shuffle-delta-lz4raw,shuffle,delta,lz4raw,1,query16,OK,32.601,27840
rapids,100,shuffle-delta-lz4raw,shuffle,delta,lz4raw,1,query17,OK,25.060,1
rapids,100,shuffle-delta-lz4raw,shuffle,delta,lz4raw,1,query18,OK,38.127,100
rapids,100,shuffle-delta-lz4raw,shuffle,delta,lz4raw,1,query19,OK,15.280,1
rapids,100,shuffle-delta-lz4raw,shuffle,delta,lz4raw,1,query20,OK,24.791,17971
rapids,100,shuffle-delta-lz4raw,shuffle,delta,lz4raw,1,query21,OK,40.503,100
rapids,100,shuffle-delta-lz4raw,shuffle,delta,lz4raw,1,query22,OK,18.725,7
rapids,100,shuffle-delta-lz4raw,shuffle,delta,lz4raw,2,query1,OK,9.000,4
rapids,100,shuffle-delta-lz4raw,shuffle,delta,lz4raw,2,query2,OK,40.697,100
rapids,100,shuffle-delta-lz4raw,shuffle,delta,lz4raw,2,query3,OK,35.987,10
rapids,100,shuffle-delta-lz4raw,shuffle,delta,lz4raw,2,query4,OK,23.328,5
rapids,100,shuffle-delta-lz4raw,shuffle,delta,lz4raw,2,query5,OK,49.730,5
rapids,100,shuffle-delta-lz4raw,shuffle,delta,lz4raw,2,query6,OK,4.882,1
rapids,100,shuffle-delta-lz4raw,shuffle,delta,lz4raw,2,query7,OK,33.320,4
rapids,100,shuffle-delta-lz4raw,shuffle,delta,lz4raw,2,query8,OK,51.296,2
rapids,100,shuffle-delta-lz4raw,shuffle,delta,lz4raw,2,query9,OK,65.111,175
rapids,100,shuffle-delta-lz4raw,shuffle,delta,lz4raw,2,query10,OK,33.485,20
rapids,100,shuffle-delta-lz4raw,shuffle,delta,lz4raw,2,query11,OK,34.970,1706230
rapids,100,shuffle-delta-lz4raw,shuffle,delta,lz4raw,2,query12,OK,16.441,2
rapids,100,shuffle-delta-lz4raw,shuffle,delta,lz4raw,2,query13,OK,18.070,45
rapids,100,shuffle-delta-lz4raw,shuffle,delta,lz4raw,2,query14,OK,19.593,1
rapids,100,shuffle-delta-lz4raw,shuffle,delta,lz4raw,2,query15,OK,39.222,1
rapids,100,shuffle-delta-lz4raw,shuffle,delta,lz4raw,2,query16,OK,32.509,27840
rapids,100,shuffle-delta-lz4raw,shuffle,delta,lz4raw,2,query17,OK,25.451,1
rapids,100,shuffle-delta-lz4raw,shuffle,delta,lz4raw,2,query18,OK,38.899,100
rapids,100,shuffle-delta-lz4raw,shuffle,delta,lz4raw,2,query19,OK,15.158,1
rapids,100,shuffle-delta-lz4raw,shuffle,delta,lz4raw,2,query20,OK,26.100,17971
rapids,100,shuffle-delta-lz4raw,shuffle,delta,lz4raw,2,query21,OK,45.874,100
rapids,100,shuffle-delta-lz4raw,shuffle,delta,lz4raw,2,query22,OK,24.608,7
rapids,100,shuffle-delta-lz4raw,shuffle,delta,lz4raw,3,query1,OK,9.837,4
rapids,100,shuffle-delta-lz4raw,shuffle,delta,lz4raw,3,query2,OK,34.614,100
rapids,100,shuffle-delta-lz4raw,shuffle,delta,lz4raw,3,query3,OK,28.813,10
rapids,100,shuffle-delta-lz4raw,shuffle,delta,lz4raw,3,query4,OK,17.818,5
rapids,100,shuffle-delta-lz4raw,shuffle,delta,lz4raw,3,query5,OK,51.387,5
rapids,100,shuffle-delta-lz4raw,shuffle,delta,lz4raw,3,query6,OK,5.834,1
rapids,100,shuffle-delta-lz4raw,shuffle,delta,lz4raw,3,query7,OK,31.889,4
rapids,100,shuffle-delta-lz4raw,shuffle,delta,lz4raw,3,query8,OK,58.680,2
rapids,100,shuffle-delta-lz4raw,shuffle,delta,lz4raw,3,query9,OK,66.589,175
rapids,100,shuffle-delta-lz4raw,shuffle,delta,lz4raw,3,query10,OK,31.040,20
rapids,100,shuffle-delta-lz4raw,shuffle,delta,lz4raw,3,query11,OK,38.248,1706230
rapids,100,shuffle-delta-lz4raw,shuffle,delta,lz4raw,3,query12,OK,17.328,2
rapids,100,shuffle-delta-lz4raw,shuffle,delta,lz4raw,3,query13,OK,18.308,45
rapids,100,shuffle-delta-lz4raw,shuffle,delta,lz4raw,3,query14,OK,18.433,1
rapids,100,shuffle-delta-lz4raw,shuffle,delta,lz4raw,3,query15,OK,32.057,1
rapids,100,shuffle-delta-lz4raw,shuffle,delta,lz4raw,3,query16,OK,32.087,27840
rapids,100,shuffle-delta-lz4raw,shuffle,delta,lz4raw,3,query17,OK,28.714,1
rapids,100,shuffle-delta-lz4raw,shuffle,delta,lz4raw,3,query18,OK,40.353,100
rapids,100,shuffle-delta-lz4raw,shuffle,delta,lz4raw,3,query19,OK,14.337,1
rapids,100,shuffle-delta-lz4raw,shuffle,delta,lz4raw,3,query20,OK,23.565,17971
rapids,100,shuffle-delta-lz4raw,shuffle,delta,lz4raw,3,query21,OK,38.786,100
rapids,100,shuffle-delta-lz4raw,shuffle,delta,lz4raw,3,query22,OK,18.813,7
rapids,100,shuffle-delta-snappy,shuffle,delta,snappy,1,query1,OK,9.968,4
rapids,100,shuffle-delta-snappy,shuffle,delta,snappy,1,query2,OK,38.706,100
rapids,100,shuffle-delta-snappy,shuffle,delta,snappy,1,query3,OK,34.508,10
rapids,100,shuffle-delta-snappy,shuffle,delta,snappy,1,query4,OK,17.835,5
rapids,100,shuffle-delta-snappy,shuffle,delta,snappy,1,query5,OK,48.005,5
rapids,100,shuffle-delta-snappy,shuffle,delta,snappy,1,query6,OK,5.939,1
rapids,100,shuffle-delta-snappy,shuffle,delta,snappy,1,query7,OK,34.874,4
rapids,100,shuffle-delta-snappy,shuffle,delta,snappy,1,query8,OK,54.540,2
rapids,100,shuffle-delta-snappy,shuffle,delta,snappy,1,query9,OK,64.792,175
rapids,100,shuffle-delta-snappy,shuffle,delta,snappy,1,query10,OK,33.010,20
rapids,100,shuffle-delta-snappy,shuffle,delta,snappy,1,query11,OK,42.931,1706230
rapids,100,shuffle-delta-snappy,shuffle,delta,snappy,1,query12,OK,20.697,2
rapids,100,shuffle-delta-snappy,shuffle,delta,snappy,1,query13,OK,16.070,45
rapids,100,shuffle-delta-snappy,shuffle,delta,snappy,1,query14,OK,22.342,1
rapids,100,shuffle-delta-snappy,shuffle,delta,snappy,1,query15,OK,37.285,1
rapids,100,shuffle-delta-snappy,shuffle,delta,snappy,1,query16,OK,36.275,27840
rapids,100,shuffle-delta-snappy,shuffle,delta,snappy,1,query17,OK,27.440,1
rapids,100,shuffle-delta-snappy,shuffle,delta,snappy,1,query18,OK,42.549,100
rapids,100,shuffle-delta-snappy,shuffle,delta,snappy,1,query19,OK,13.498,1
rapids,100,shuffle-delta-snappy,shuffle,delta,snappy,1,query20,OK,28.469,17971
rapids,100,shuffle-delta-snappy,shuffle,delta,snappy,1,query21,OK,44.772,100
rapids,100,shuffle-delta-snappy,shuffle,delta,snappy,1,query22,OK,18.339,7
rapids,100,shuffle-delta-snappy,shuffle,delta,snappy,2,query1,OK,12.126,4
rapids,100,shuffle-delta-snappy,shuffle,delta,snappy,2,query2,OK,42.277,100
rapids,100,shuffle-delta-snappy,shuffle,delta,snappy,2,query3,OK,34.375,10
rapids,100,shuffle-delta-snappy,shuffle,delta,snappy,2,query4,OK,20.944,5
rapids,100,shuffle-delta-snappy,shuffle,delta,snappy,2,query5,OK,54.714,5
rapids,100,shuffle-delta-snappy,shuffle,delta,snappy,2,query6,OK,5.509,1
rapids,100,shuffle-delta-snappy,shuffle,delta,snappy,2,query7,OK,34.796,4
rapids,100,shuffle-delta-snappy,shuffle,delta,snappy,2,query8,OK,54.920,2
rapids,100,shuffle-delta-snappy,shuffle,delta,snappy,2,query9,OK,70.511,175
rapids,100,shuffle-delta-snappy,shuffle,delta,snappy,2,query10,OK,36.087,20
rapids,100,shuffle-delta-snappy,shuffle,delta,snappy,2,query11,OK,46.364,1706230
rapids,100,shuffle-delta-snappy,shuffle,delta,snappy,2,query12,OK,16.671,2
rapids,100,shuffle-delta-snappy,shuffle,delta,snappy,2,query13,OK,18.462,45
rapids,100,shuffle-delta-snappy,shuffle,delta,snappy,2,query14,OK,18.972,1
rapids,100,shuffle-delta-snappy,shuffle,delta,snappy,2,query15,OK,33.019,1
rapids,100,shuffle-delta-snappy,shuffle,delta,snappy,2,query16,OK,33.328,27840
rapids,100,shuffle-delta-snappy,shuffle,delta,snappy,2,query17,OK,26.498,1
rapids,100,shuffle-delta-snappy,shuffle,delta,snappy,2,query18,OK,39.824,100
rapids,100,shuffle-delta-snappy,shuffle,delta,snappy,2,query19,OK,17.136,1
rapids,100,shuffle-delta-snappy,shuffle,delta,snappy,2,query20,OK,26.209,17971
rapids,100,shuffle-delta-snappy,shuffle,delta,snappy,2,query21,OK,43.784,100
rapids,100,shuffle-delta-snappy,shuffle,delta,snappy,2,query22,OK,18.711,7
rapids,100,shuffle-delta-snappy,shuffle,delta,snappy,3,query1,OK,9.128,4
rapids,100,shuffle-delta-snappy,shuffle,delta,snappy,3,query2,OK,39.356,100
rapids,100,shuffle-delta-snappy,shuffle,delta,snappy,3,query3,OK,36.370,10
rapids,100,shuffle-delta-snappy,shuffle,delta,snappy,3,query4,OK,19.574,5
rapids,100,shuffle-delta-snappy,shuffle,delta,snappy,3,query5,OK,47.712,5
rapids,100,shuffle-delta-snappy,shuffle,delta,snappy,3,query6,OK,5.635,1
rapids,100,shuffle-delta-snappy,shuffle,delta,snappy,3,query7,OK,33.823,4
rapids,100,shuffle-delta-snappy,shuffle,delta,snappy,3,query8,OK,52.481,2
rapids,100,shuffle-delta-snappy,shuffle,delta,snappy,3,query9,OK,60.987,175
rapids,100,shuffle-delta-snappy,shuffle,delta,snappy,3,query10,OK,30.416,20
rapids,100,shuffle-delta-snappy,shuffle,delta,snappy,3,query11,OK,43.318,1706230
rapids,100,shuffle-delta-snappy,shuffle,delta,snappy,3,query12,OK,16.435,2
rapids,100,shuffle-delta-snappy,shuffle,delta,snappy,3,query13,OK,16.000,45
rapids,100,shuffle-delta-snappy,shuffle,delta,snappy,3,query14,OK,20.044,1
rapids,100,shuffle-delta-snappy,shuffle,delta,snappy,3,query15,OK,40.801,1
rapids,100,shuffle-delta-snappy,shuffle,delta,snappy,3,query16,OK,32.837,27840
rapids,100,shuffle-delta-snappy,shuffle,delta,snappy,3,query17,OK,26.452,1
rapids,100,shuffle-delta-snappy,shuffle,delta,snappy,3,query18,OK,39.802,100
rapids,100,shuffle-delta-snappy,shuffle,delta,snappy,3,query19,OK,14.321,1
rapids,100,shuffle-delta-snappy,shuffle,delta,snappy,3,query20,OK,27.364,17971
rapids,100,shuffle-delta-snappy,shuffle,delta,snappy,3,query21,OK,44.454,100
rapids,100,shuffle-delta-snappy,shuffle,delta,snappy,3,query22,OK,19.078,7
rapids,100,shuffle-delta-zstd,shuffle,delta,zstd,1,query1,OK,8.182,4
rapids,100,shuffle-delta-zstd,shuffle,delta,zstd,1,query2,TIMEOUT,302,exceeded_query_timeout_300s
rapids,100,shuffle-delta-zstd,shuffle,delta,zstd,1,query3,OK,29.896,10
rapids,100,shuffle-delta-zstd,shuffle,delta,zstd,1,query4,OK,18.173,5
rapids,100,shuffle-delta-zstd,shuffle,delta,zstd,1,query5,TIMEOUT,302,exceeded_query_timeout_300s
rapids,100,shuffle-delta-zstd,shuffle,delta,zstd,1,query6,OK,5.556,1
rapids,100,shuffle-delta-zstd,shuffle,delta,zstd,1,query7,TIMEOUT,303,exceeded_query_timeout_300s
rapids,100,shuffle-delta-zstd,shuffle,delta,zstd,1,query8,TIMEOUT,304,exceeded_query_timeout_300s
rapids,100,shuffle-delta-zstd,shuffle,delta,zstd,1,query9,TIMEOUT,303,exceeded_query_timeout_300s
rapids,100,shuffle-delta-zstd,shuffle,delta,zstd,1,query10,TIMEOUT,302,exceeded_query_timeout_300s
rapids,100,shuffle-delta-zstd,shuffle,delta,zstd,1,query11,OK,36.442,1706230
rapids,100,shuffle-delta-zstd,shuffle,delta,zstd,1,query12,OK,19.060,2
rapids,100,shuffle-delta-zstd,shuffle,delta,zstd,1,query13,OK,16.454,45
rapids,100,shuffle-delta-zstd,shuffle,delta,zstd,1,query14,OK,19.317,1
rapids,100,shuffle-delta-zstd,shuffle,delta,zstd,1,query15,OK,30.993,1
rapids,100,shuffle-delta-zstd,shuffle,delta,zstd,1,query16,OK,31.533,27840
rapids,100,shuffle-delta-zstd,shuffle,delta,zstd,1,query17,OK,28.522,1
rapids,100,shuffle-delta-zstd,shuffle,delta,zstd,1,query18,OK,43.976,100
rapids,100,shuffle-delta-zstd,shuffle,delta,zstd,1,query19,OK,14.963,1
rapids,100,shuffle-delta-zstd,shuffle,delta,zstd,1,query20,TIMEOUT,303,exceeded_query_timeout_300s
rapids,100,shuffle-delta-zstd,shuffle,delta,zstd,1,query21,OK,44.544,100
rapids,100,shuffle-delta-zstd,shuffle,delta,zstd,1,query22,OK,18.686,7
rapids,100,shuffle-delta-zstd,shuffle,delta,zstd,2,query1,OK,9.391,4
rapids,100,shuffle-delta-zstd,shuffle,delta,zstd,2,query2,TIMEOUT,302,exceeded_query_timeout_300s
rapids,100,shuffle-delta-zstd,shuffle,delta,zstd,2,query3,OK,33.043,10
rapids,100,shuffle-delta-zstd,shuffle,delta,zstd,2,query4,OK,19.891,5
rapids,100,shuffle-delta-zstd,shuffle,delta,zstd,2,query5,TIMEOUT,301,exceeded_query_timeout_300s
rapids,100,shuffle-delta-zstd,shuffle,delta,zstd,2,query6,OK,5.717,1
rapids,100,shuffle-delta-zstd,shuffle,delta,zstd,2,query7,TIMEOUT,304,exceeded_query_timeout_300s
rapids,100,shuffle-delta-zstd,shuffle,delta,zstd,2,query8,TIMEOUT,304,exceeded_query_timeout_300s
rapids,100,shuffle-delta-zstd,shuffle,delta,zstd,2,query9,TIMEOUT,305,exceeded_query_timeout_300s
rapids,100,shuffle-delta-zstd,shuffle,delta,zstd,2,query10,TIMEOUT,302,exceeded_query_timeout_300s
rapids,100,shuffle-delta-zstd,shuffle,delta,zstd,2,query11,TIMEOUT,301,exceeded_query_timeout_300s
rapids,100,shuffle-delta-zstd,shuffle,delta,zstd,2,query12,OK,17.182,2
rapids,100,shuffle-delta-zstd,shuffle,delta,zstd,2,query13,OK,17.917,45
rapids,100,shuffle-delta-zstd,shuffle,delta,zstd,2,query14,OK,20.220,1
rapids,100,shuffle-delta-zstd,shuffle,delta,zstd,2,query15,OK,39.394,1
rapids,100,shuffle-delta-zstd,shuffle,delta,zstd,2,query16,OK,38.731,27840
rapids,100,shuffle-delta-zstd,shuffle,delta,zstd,2,query17,OK,27.539,1
rapids,100,shuffle-delta-zstd,shuffle,delta,zstd,2,query18,OK,38.509,100
rapids,100,shuffle-delta-zstd,shuffle,delta,zstd,2,query19,OK,14.189,1
rapids,100,shuffle-delta-zstd,shuffle,delta,zstd,2,query20,TIMEOUT,302,exceeded_query_timeout_300s
rapids,100,shuffle-delta-zstd,shuffle,delta,zstd,2,query21,OK,42.360,100
rapids,100,shuffle-delta-zstd,shuffle,delta,zstd,2,query22,OK,18.728,7
rapids,100,shuffle-delta-zstd,shuffle,delta,zstd,3,query1,OK,10.203,4
rapids,100,shuffle-delta-zstd,shuffle,delta,zstd,3,query2,TIMEOUT,303,exceeded_query_timeout_300s
rapids,100,shuffle-delta-zstd,shuffle,delta,zstd,3,query3,OK,30.782,10
rapids,100,shuffle-delta-zstd,shuffle,delta,zstd,3,query4,OK,17.673,5
rapids,100,shuffle-delta-zstd,shuffle,delta,zstd,3,query5,OK,53.570,5
rapids,100,shuffle-delta-zstd,shuffle,delta,zstd,3,query6,OK,5.851,1
rapids,100,shuffle-delta-zstd,shuffle,delta,zstd,3,query7,OK,34.454,4
rapids,100,shuffle-delta-zstd,shuffle,delta,zstd,3,query8,TIMEOUT,304,exceeded_query_timeout_300s
rapids,100,shuffle-delta-zstd,shuffle,delta,zstd,3,query9,TIMEOUT,304,exceeded_query_timeout_300s
rapids,100,shuffle-delta-zstd,shuffle,delta,zstd,3,query10,TIMEOUT,302,exceeded_query_timeout_300s
rapids,100,shuffle-delta-zstd,shuffle,delta,zstd,3,query11,OK,36.795,1706230
rapids,100,shuffle-delta-zstd,shuffle,delta,zstd,3,query12,OK,17.344,2
rapids,100,shuffle-delta-zstd,shuffle,delta,zstd,3,query13,OK,17.486,45
rapids,100,shuffle-delta-zstd,shuffle,delta,zstd,3,query14,OK,20.964,1
rapids,100,shuffle-delta-zstd,shuffle,delta,zstd,3,query15,OK,39.365,1
rapids,100,shuffle-delta-zstd,shuffle,delta,zstd,3,query16,OK,32.505,27840
rapids,100,shuffle-delta-zstd,shuffle,delta,zstd,3,query17,OK,23.876,1
rapids,100,shuffle-delta-zstd,shuffle,delta,zstd,3,query18,OK,38.603,100
rapids,100,shuffle-delta-zstd,shuffle,delta,zstd,3,query19,OK,14.286,1
rapids,100,shuffle-delta-zstd,shuffle,delta,zstd,3,query20,TIMEOUT,302,exceeded_query_timeout_300s
rapids,100,shuffle-delta-zstd,shuffle,delta,zstd,3,query21,OK,40.188,100
rapids,100,shuffle-delta-zstd,shuffle,delta,zstd,3,query22,OK,18.909,7
rapids,100,shuffle-dict-lz4raw,shuffle,dict,lz4raw,1,query1,OK,10.003,4
rapids,100,shuffle-dict-lz4raw,shuffle,dict,lz4raw,1,query2,OK,34.447,100
rapids,100,shuffle-dict-lz4raw,shuffle,dict,lz4raw,1,query3,OK,29.945,10
rapids,100,shuffle-dict-lz4raw,shuffle,dict,lz4raw,1,query4,OK,20.690,5
rapids,100,shuffle-dict-lz4raw,shuffle,dict,lz4raw,1,query5,OK,48.243,5
rapids,100,shuffle-dict-lz4raw,shuffle,dict,lz4raw,1,query6,OK,6.900,1
rapids,100,shuffle-dict-lz4raw,shuffle,dict,lz4raw,1,query7,OK,38.006,4
rapids,100,shuffle-dict-lz4raw,shuffle,dict,lz4raw,1,query8,OK,44.457,2
rapids,100,shuffle-dict-lz4raw,shuffle,dict,lz4raw,1,query9,OK,59.903,175
rapids,100,shuffle-dict-lz4raw,shuffle,dict,lz4raw,1,query10,OK,36.653,20
rapids,100,shuffle-dict-lz4raw,shuffle,dict,lz4raw,1,query11,OK,37.452,1706230
rapids,100,shuffle-dict-lz4raw,shuffle,dict,lz4raw,1,query12,OK,22.004,2
rapids,100,shuffle-dict-lz4raw,shuffle,dict,lz4raw,1,query13,OK,19.545,45
rapids,100,shuffle-dict-lz4raw,shuffle,dict,lz4raw,1,query14,OK,19.350,1
rapids,100,shuffle-dict-lz4raw,shuffle,dict,lz4raw,1,query15,OK,39.069,1
rapids,100,shuffle-dict-lz4raw,shuffle,dict,lz4raw,1,query16,OK,38.129,27840
rapids,100,shuffle-dict-lz4raw,shuffle,dict,lz4raw,1,query17,OK,31.574,1
rapids,100,shuffle-dict-lz4raw,shuffle,dict,lz4raw,1,query18,OK,39.137,100
rapids,100,shuffle-dict-lz4raw,shuffle,dict,lz4raw,1,query19,OK,17.574,1
rapids,100,shuffle-dict-lz4raw,shuffle,dict,lz4raw,1,query20,OK,27.749,17971
rapids,100,shuffle-dict-lz4raw,shuffle,dict,lz4raw,1,query21,OK,44.850,100
rapids,100,shuffle-dict-lz4raw,shuffle,dict,lz4raw,1,query22,OK,19.274,7
rapids,100,shuffle-dict-lz4raw,shuffle,dict,lz4raw,2,query1,OK,12.445,4
rapids,100,shuffle-dict-lz4raw,shuffle,dict,lz4raw,2,query2,OK,34.799,100
rapids,100,shuffle-dict-lz4raw,shuffle,dict,lz4raw,2,query3,OK,29.610,10
rapids,100,shuffle-dict-lz4raw,shuffle,dict,lz4raw,2,query4,OK,20.765,5
rapids,100,shuffle-dict-lz4raw,shuffle,dict,lz4raw,2,query5,OK,48.509,5
rapids,100,shuffle-dict-lz4raw,shuffle,dict,lz4raw,2,query6,OK,7.073,1
rapids,100,shuffle-dict-lz4raw,shuffle,dict,lz4raw,2,query7,OK,35.231,4
rapids,100,shuffle-dict-lz4raw,shuffle,dict,lz4raw,2,query8,OK,51.022,2
rapids,100,shuffle-dict-lz4raw,shuffle,dict,lz4raw,2,query9,OK,65.598,175
rapids,100,shuffle-dict-lz4raw,shuffle,dict,lz4raw,2,query10,OK,33.463,20
rapids,100,shuffle-dict-lz4raw,shuffle,dict,lz4raw,2,query11,OK,43.296,1706230
rapids,100,shuffle-dict-lz4raw,shuffle,dict,lz4raw,2,query12,OK,18.181,2
rapids,100,shuffle-dict-lz4raw,shuffle,dict,lz4raw,2,query13,OK,18.144,45
rapids,100,shuffle-dict-lz4raw,shuffle,dict,lz4raw,2,query14,OK,24.953,1
rapids,100,shuffle-dict-lz4raw,shuffle,dict,lz4raw,2,query15,OK,40.977,1
rapids,100,shuffle-dict-lz4raw,shuffle,dict,lz4raw,2,query16,OK,31.873,27840
rapids,100,shuffle-dict-lz4raw,shuffle,dict,lz4raw,2,query17,OK,26.507,1
rapids,100,shuffle-dict-lz4raw,shuffle,dict,lz4raw,2,query18,OK,37.886,100
rapids,100,shuffle-dict-lz4raw,shuffle,dict,lz4raw,2,query19,OK,15.897,1
rapids,100,shuffle-dict-lz4raw,shuffle,dict,lz4raw,2,query20,OK,25.238,17971
rapids,100,shuffle-dict-lz4raw,shuffle,dict,lz4raw,2,query21,OK,42.923,100
rapids,100,shuffle-dict-lz4raw,shuffle,dict,lz4raw,2,query22,OK,19.165,7
rapids,100,shuffle-dict-lz4raw,shuffle,dict,lz4raw,3,query1,OK,10.033,4
rapids,100,shuffle-dict-lz4raw,shuffle,dict,lz4raw,3,query2,OK,34.685,100
rapids,100,shuffle-dict-lz4raw,shuffle,dict,lz4raw,3,query3,OK,28.914,10
rapids,100,shuffle-dict-lz4raw,shuffle,dict,lz4raw,3,query4,OK,19.001,5
rapids,100,shuffle-dict-lz4raw,shuffle,dict,lz4raw,3,query5,OK,48.896,5
rapids,100,shuffle-dict-lz4raw,shuffle,dict,lz4raw,3,query6,OK,6.183,1
rapids,100,shuffle-dict-lz4raw,shuffle,dict,lz4raw,3,query7,OK,38.825,4
rapids,100,shuffle-dict-lz4raw,shuffle,dict,lz4raw,3,query8,OK,51.081,2
rapids,100,shuffle-dict-lz4raw,shuffle,dict,lz4raw,3,query9,OK,64.357,175
rapids,100,shuffle-dict-lz4raw,shuffle,dict,lz4raw,3,query10,OK,32.204,20
rapids,100,shuffle-dict-lz4raw,shuffle,dict,lz4raw,3,query11,OK,42.475,1706230
rapids,100,shuffle-dict-lz4raw,shuffle,dict,lz4raw,3,query12,OK,18.244,2
rapids,100,shuffle-dict-lz4raw,shuffle,dict,lz4raw,3,query13,OK,18.064,45
rapids,100,shuffle-dict-lz4raw,shuffle,dict,lz4raw,3,query14,OK,21.000,1
rapids,100,shuffle-dict-lz4raw,shuffle,dict,lz4raw,3,query15,OK,32.188,1
rapids,100,shuffle-dict-lz4raw,shuffle,dict,lz4raw,3,query16,OK,32.247,27840
rapids,100,shuffle-dict-lz4raw,shuffle,dict,lz4raw,3,query17,OK,27.283,1
rapids,100,shuffle-dict-lz4raw,shuffle,dict,lz4raw,3,query18,OK,40.124,100
rapids,100,shuffle-dict-lz4raw,shuffle,dict,lz4raw,3,query19,OK,14.937,1
rapids,100,shuffle-dict-lz4raw,shuffle,dict,lz4raw,3,query20,OK,25.864,17971
rapids,100,shuffle-dict-lz4raw,shuffle,dict,lz4raw,3,query21,OK,38.708,100
rapids,100,shuffle-dict-lz4raw,shuffle,dict,lz4raw,3,query22,OK,20.133,7
rapids,100,shuffle-dict-snappy,shuffle,dict,snappy,1,query1,OK,9.898,4
rapids,100,shuffle-dict-snappy,shuffle,dict,snappy,1,query2,OK,40.142,100
rapids,100,shuffle-dict-snappy,shuffle,dict,snappy,1,query3,OK,29.810,10
rapids,100,shuffle-dict-snappy,shuffle,dict,snappy,1,query4,OK,19.701,5
rapids,100,shuffle-dict-snappy,shuffle,dict,snappy,1,query5,OK,52.487,5
rapids,100,shuffle-dict-snappy,shuffle,dict,snappy,1,query6,OK,6.642,1
rapids,100,shuffle-dict-snappy,shuffle,dict,snappy,1,query7,OK,40.376,4
rapids,100,shuffle-dict-snappy,shuffle,dict,snappy,1,query8,OK,57.099,2
rapids,100,shuffle-dict-snappy,shuffle,dict,snappy,1,query9,OK,60.819,175
rapids,100,shuffle-dict-snappy,shuffle,dict,snappy,1,query10,OK,29.768,20
rapids,100,shuffle-dict-snappy,shuffle,dict,snappy,1,query11,OK,36.141,1706230
rapids,100,shuffle-dict-snappy,shuffle,dict,snappy,1,query12,OK,17.865,2
rapids,100,shuffle-dict-snappy,shuffle,dict,snappy,1,query13,OK,17.429,45
rapids,100,shuffle-dict-snappy,shuffle,dict,snappy,1,query14,OK,20.717,1
rapids,100,shuffle-dict-snappy,shuffle,dict,snappy,1,query15,OK,38.939,1
rapids,100,shuffle-dict-snappy,shuffle,dict,snappy,1,query16,OK,32.683,27840
rapids,100,shuffle-dict-snappy,shuffle,dict,snappy,1,query17,OK,27.872,1
rapids,100,shuffle-dict-snappy,shuffle,dict,snappy,1,query18,OK,38.784,100
rapids,100,shuffle-dict-snappy,shuffle,dict,snappy,1,query19,OK,14.500,1
rapids,100,shuffle-dict-snappy,shuffle,dict,snappy,1,query20,OK,23.102,17971
rapids,100,shuffle-dict-snappy,shuffle,dict,snappy,1,query21,OK,40.978,100
rapids,100,shuffle-dict-snappy,shuffle,dict,snappy,1,query22,OK,18.374,7
rapids,100,shuffle-dict-snappy,shuffle,dict,snappy,2,query1,OK,9.591,4
rapids,100,shuffle-dict-snappy,shuffle,dict,snappy,2,query2,OK,39.253,100
rapids,100,shuffle-dict-snappy,shuffle,dict,snappy,2,query3,OK,29.414,10
rapids,100,shuffle-dict-snappy,shuffle,dict,snappy,2,query4,OK,19.418,5
rapids,100,shuffle-dict-snappy,shuffle,dict,snappy,2,query5,OK,42.555,5
rapids,100,shuffle-dict-snappy,shuffle,dict,snappy,2,query6,OK,6.801,1
rapids,100,shuffle-dict-snappy,shuffle,dict,snappy,2,query7,OK,33.340,4
rapids,100,shuffle-dict-snappy,shuffle,dict,snappy,2,query8,OK,50.580,2
rapids,100,shuffle-dict-snappy,shuffle,dict,snappy,2,query9,OK,61.560,175
rapids,100,shuffle-dict-snappy,shuffle,dict,snappy,2,query10,OK,29.457,20
rapids,100,shuffle-dict-snappy,shuffle,dict,snappy,2,query11,OK,37.997,1706230
rapids,100,shuffle-dict-snappy,shuffle,dict,snappy,2,query12,OK,19.267,2
rapids,100,shuffle-dict-snappy,shuffle,dict,snappy,2,query13,OK,14.925,45
rapids,100,shuffle-dict-snappy,shuffle,dict,snappy,2,query14,OK,17.178,1
rapids,100,shuffle-dict-snappy,shuffle,dict,snappy,2,query15,OK,33.011,1
rapids,100,shuffle-dict-snappy,shuffle,dict,snappy,2,query16,OK,30.737,27840
rapids,100,shuffle-dict-snappy,shuffle,dict,snappy,2,query17,OK,28.588,1
rapids,100,shuffle-dict-snappy,shuffle,dict,snappy,2,query18,OK,38.536,100
rapids,100,shuffle-dict-snappy,shuffle,dict,snappy,2,query19,OK,14.372,1
rapids,100,shuffle-dict-snappy,shuffle,dict,snappy,2,query20,OK,23.886,17971
rapids,100,shuffle-dict-snappy,shuffle,dict,snappy,2,query21,OK,37.548,100
rapids,100,shuffle-dict-snappy,shuffle,dict,snappy,2,query22,OK,21.362,7
rapids,100,shuffle-dict-snappy,shuffle,dict,snappy,3,query1,OK,11.109,4
rapids,100,shuffle-dict-snappy,shuffle,dict,snappy,3,query2,OK,40.070,100
rapids,100,shuffle-dict-snappy,shuffle,dict,snappy,3,query3,OK,35.400,10
rapids,100,shuffle-dict-snappy,shuffle,dict,snappy,3,query4,OK,23.527,5
rapids,100,shuffle-dict-snappy,shuffle,dict,snappy,3,query5,OK,45.833,5
rapids,100,shuffle-dict-snappy,shuffle,dict,snappy,3,query6,OK,6.441,1
rapids,100,shuffle-dict-snappy,shuffle,dict,snappy,3,query7,OK,40.133,4
rapids,100,shuffle-dict-snappy,shuffle,dict,snappy,3,query8,OK,59.555,2
rapids,100,shuffle-dict-snappy,shuffle,dict,snappy,3,query9,OK,60.027,175
rapids,100,shuffle-dict-snappy,shuffle,dict,snappy,3,query10,OK,29.837,20
rapids,100,shuffle-dict-snappy,shuffle,dict,snappy,3,query11,OK,37.456,1706230
rapids,100,shuffle-dict-snappy,shuffle,dict,snappy,3,query12,OK,14.827,2
rapids,100,shuffle-dict-snappy,shuffle,dict,snappy,3,query13,OK,19.002,45
rapids,100,shuffle-dict-snappy,shuffle,dict,snappy,3,query14,OK,26.578,1
rapids,100,shuffle-dict-snappy,shuffle,dict,snappy,3,query15,OK,32.623,1
rapids,100,shuffle-dict-snappy,shuffle,dict,snappy,3,query16,OK,31.404,27840
rapids,100,shuffle-dict-snappy,shuffle,dict,snappy,3,query17,OK,32.396,1
rapids,100,shuffle-dict-snappy,shuffle,dict,snappy,3,query18,OK,45.675,100
rapids,100,shuffle-dict-snappy,shuffle,dict,snappy,3,query19,OK,16.358,1
rapids,100,shuffle-dict-snappy,shuffle,dict,snappy,3,query20,OK,26.011,17971
rapids,100,shuffle-dict-snappy,shuffle,dict,snappy,3,query21,OK,41.780,100
rapids,100,shuffle-dict-snappy,shuffle,dict,snappy,3,query22,OK,21.615,7
rapids,100,shuffle-dict-zstd,shuffle,dict,zstd,1,query1,OK,9.931,4
rapids,100,shuffle-dict-zstd,shuffle,dict,zstd,1,query2,OK,33.074,100
rapids,100,shuffle-dict-zstd,shuffle,dict,zstd,1,query3,OK,29.357,10
rapids,100,shuffle-dict-zstd,shuffle,dict,zstd,1,query4,OK,18.568,5
rapids,100,shuffle-dict-zstd,shuffle,dict,zstd,1,query5,OK,46.023,5
rapids,100,shuffle-dict-zstd,shuffle,dict,zstd,1,query6,OK,6.425,1
rapids,100,shuffle-dict-zstd,shuffle,dict,zstd,1,query7,OK,36.293,4
rapids,100,shuffle-dict-zstd,shuffle,dict,zstd,1,query8,OK,54.587,2
rapids,100,shuffle-dict-zstd,shuffle,dict,zstd,1,query9,OK,59.517,175
rapids,100,shuffle-dict-zstd,shuffle,dict,zstd,1,query10,OK,35.961,20
rapids,100,shuffle-dict-zstd,shuffle,dict,zstd,1,query11,OK,37.306,1706230
rapids,100,shuffle-dict-zstd,shuffle,dict,zstd,1,query12,OK,18.592,2
rapids,100,shuffle-dict-zstd,shuffle,dict,zstd,1,query13,OK,19.523,45
rapids,100,shuffle-dict-zstd,shuffle,dict,zstd,1,query14,OK,20.426,1
rapids,100,shuffle-dict-zstd,shuffle,dict,zstd,1,query15,OK,33.393,1
rapids,100,shuffle-dict-zstd,shuffle,dict,zstd,1,query16,OK,36.123,27840
rapids,100,shuffle-dict-zstd,shuffle,dict,zstd,1,query17,OK,27.821,1
rapids,100,shuffle-dict-zstd,shuffle,dict,zstd,1,query18,OK,38.556,100
rapids,100,shuffle-dict-zstd,shuffle,dict,zstd,1,query19,OK,14.429,1
rapids,100,shuffle-dict-zstd,shuffle,dict,zstd,1,query20,OK,27.439,17971
rapids,100,shuffle-dict-zstd,shuffle,dict,zstd,1,query21,OK,43.711,100
rapids,100,shuffle-dict-zstd,shuffle,dict,zstd,1,query22,OK,19.835,7
rapids,100,shuffle-dict-zstd,shuffle,dict,zstd,2,query1,OK,9.532,4
rapids,100,shuffle-dict-zstd,shuffle,dict,zstd,2,query2,OK,35.669,100
rapids,100,shuffle-dict-zstd,shuffle,dict,zstd,2,query3,OK,31.368,10
rapids,100,shuffle-dict-zstd,shuffle,dict,zstd,2,query4,OK,22.701,5
rapids,100,shuffle-dict-zstd,shuffle,dict,zstd,2,query5,OK,53.944,5
rapids,100,shuffle-dict-zstd,shuffle,dict,zstd,2,query6,OK,6.234,1
rapids,100,shuffle-dict-zstd,shuffle,dict,zstd,2,query7,OK,34.095,4
rapids,100,shuffle-dict-zstd,shuffle,dict,zstd,2,query8,OK,57.012,2
rapids,100,shuffle-dict-zstd,shuffle,dict,zstd,2,query9,OK,66.691,175
rapids,100,shuffle-dict-zstd,shuffle,dict,zstd,2,query10,OK,30.251,20
rapids,100,shuffle-dict-zstd,shuffle,dict,zstd,2,query11,OK,44.821,1706230
rapids,100,shuffle-dict-zstd,shuffle,dict,zstd,2,query12,OK,21.602,2
rapids,100,shuffle-dict-zstd,shuffle,dict,zstd,2,query13,OK,16.173,45
rapids,100,shuffle-dict-zstd,shuffle,dict,zstd,2,query14,OK,22.108,1
rapids,100,shuffle-dict-zstd,shuffle,dict,zstd,2,query15,OK,38.396,1
rapids,100,shuffle-dict-zstd,shuffle,dict,zstd,2,query16,OK,37.119,27840
rapids,100,shuffle-dict-zstd,shuffle,dict,zstd,2,query17,OK,34.992,1
rapids,100,shuffle-dict-zstd,shuffle,dict,zstd,2,query18,OK,40.330,100
rapids,100,shuffle-dict-zstd,shuffle,dict,zstd,2,query19,OK,15.023,1
rapids,100,shuffle-dict-zstd,shuffle,dict,zstd,2,query20,OK,24.402,17971
rapids,100,shuffle-dict-zstd,shuffle,dict,zstd,2,query21,OK,42.421,100
rapids,100,shuffle-dict-zstd,shuffle,dict,zstd,2,query22,OK,18.800,7
rapids,100,shuffle-dict-zstd,shuffle,dict,zstd,3,query1,OK,10.057,4
rapids,100,shuffle-dict-zstd,shuffle,dict,zstd,3,query2,OK,34.431,100
rapids,100,shuffle-dict-zstd,shuffle,dict,zstd,3,query3,OK,30.498,10
rapids,100,shuffle-dict-zstd,shuffle,dict,zstd,3,query4,OK,19.903,5
rapids,100,shuffle-dict-zstd,shuffle,dict,zstd,3,query5,OK,50.535,5
rapids,100,shuffle-dict-zstd,shuffle,dict,zstd,3,query6,OK,6.448,1
rapids,100,shuffle-dict-zstd,shuffle,dict,zstd,3,query7,OK,35.008,4
rapids,100,shuffle-dict-zstd,shuffle,dict,zstd,3,query8,OK,48.382,2
rapids,100,shuffle-dict-zstd,shuffle,dict,zstd,3,query9,OK,62.666,175
rapids,100,shuffle-dict-zstd,shuffle,dict,zstd,3,query10,OK,30.260,20
rapids,100,shuffle-dict-zstd,shuffle,dict,zstd,3,query11,OK,43.108,1706230
rapids,100,shuffle-dict-zstd,shuffle,dict,zstd,3,query12,OK,20.852,2
rapids,100,shuffle-dict-zstd,shuffle,dict,zstd,3,query13,OK,16.690,45
rapids,100,shuffle-dict-zstd,shuffle,dict,zstd,3,query14,OK,20.499,1
rapids,100,shuffle-dict-zstd,shuffle,dict,zstd,3,query15,OK,33.945,1
rapids,100,shuffle-dict-zstd,shuffle,dict,zstd,3,query16,OK,31.871,27840
rapids,100,shuffle-dict-zstd,shuffle,dict,zstd,3,query17,OK,26.249,1
rapids,100,shuffle-dict-zstd,shuffle,dict,zstd,3,query18,OK,43.820,100
rapids,100,shuffle-dict-zstd,shuffle,dict,zstd,3,query19,OK,14.122,1
rapids,100,shuffle-dict-zstd,shuffle,dict,zstd,3,query20,OK,27.315,17971
rapids,100,shuffle-dict-zstd,shuffle,dict,zstd,3,query21,OK,40.464,100
rapids,100,shuffle-dict-zstd,shuffle,dict,zstd,3,query22,OK,19.022,7
rapids,100,shuffle-plain-lz4raw,shuffle,plain,lz4raw,1,query1,OK,9.085,4
rapids,100,shuffle-plain-lz4raw,shuffle,plain,lz4raw,1,query2,OK,36.875,100
rapids,100,shuffle-plain-lz4raw,shuffle,plain,lz4raw,1,query3,OK,30.120,10
rapids,100,shuffle-plain-lz4raw,shuffle,plain,lz4raw,1,query4,OK,19.130,5
rapids,100,shuffle-plain-lz4raw,shuffle,plain,lz4raw,1,query5,OK,47.931,5
rapids,100,shuffle-plain-lz4raw,shuffle,plain,lz4raw,1,query6,OK,6.720,1
rapids,100,shuffle-plain-lz4raw,shuffle,plain,lz4raw,1,query7,OK,33.987,4
rapids,100,shuffle-plain-lz4raw,shuffle,plain,lz4raw,1,query8,OK,57.121,2
rapids,100,shuffle-plain-lz4raw,shuffle,plain,lz4raw,1,query9,OK,69.770,175
rapids,100,shuffle-plain-lz4raw,shuffle,plain,lz4raw,1,query10,OK,31.411,20
rapids,100,shuffle-plain-lz4raw,shuffle,plain,lz4raw,1,query11,OK,36.327,1706230
rapids,100,shuffle-plain-lz4raw,shuffle,plain,lz4raw,1,query12,OK,18.429,2
rapids,100,shuffle-plain-lz4raw,shuffle,plain,lz4raw,1,query13,OK,18.929,45
rapids,100,shuffle-plain-lz4raw,shuffle,plain,lz4raw,1,query14,OK,20.501,1
rapids,100,shuffle-plain-lz4raw,shuffle,plain,lz4raw,1,query15,OK,39.785,1
rapids,100,shuffle-plain-lz4raw,shuffle,plain,lz4raw,1,query16,OK,33.024,27840
rapids,100,shuffle-plain-lz4raw,shuffle,plain,lz4raw,1,query17,OK,31.958,1
rapids,100,shuffle-plain-lz4raw,shuffle,plain,lz4raw,1,query18,OK,44.126,100
rapids,100,shuffle-plain-lz4raw,shuffle,plain,lz4raw,1,query19,OK,18.517,1
rapids,100,shuffle-plain-lz4raw,shuffle,plain,lz4raw,1,query20,OK,25.750,17971
rapids,100,shuffle-plain-lz4raw,shuffle,plain,lz4raw,1,query21,OK,45.562,100
rapids,100,shuffle-plain-lz4raw,shuffle,plain,lz4raw,1,query22,OK,17.891,7
rapids,100,shuffle-plain-lz4raw,shuffle,plain,lz4raw,2,query1,OK,10.208,4
rapids,100,shuffle-plain-lz4raw,shuffle,plain,lz4raw,2,query2,OK,41.716,100
rapids,100,shuffle-plain-lz4raw,shuffle,plain,lz4raw,2,query3,OK,35.510,10
rapids,100,shuffle-plain-lz4raw,shuffle,plain,lz4raw,2,query4,OK,19.953,5
rapids,100,shuffle-plain-lz4raw,shuffle,plain,lz4raw,2,query5,OK,55.883,5
rapids,100,shuffle-plain-lz4raw,shuffle,plain,lz4raw,2,query6,OK,6.960,1
rapids,100,shuffle-plain-lz4raw,shuffle,plain,lz4raw,2,query7,OK,40.090,4
rapids,100,shuffle-plain-lz4raw,shuffle,plain,lz4raw,2,query8,OK,59.355,2
rapids,100,shuffle-plain-lz4raw,shuffle,plain,lz4raw,2,query9,OK,66.120,175
rapids,100,shuffle-plain-lz4raw,shuffle,plain,lz4raw,2,query10,OK,28.568,20
rapids,100,shuffle-plain-lz4raw,shuffle,plain,lz4raw,2,query11,OK,35.924,1706230
rapids,100,shuffle-plain-lz4raw,shuffle,plain,lz4raw,2,query12,OK,19.308,2
rapids,100,shuffle-plain-lz4raw,shuffle,plain,lz4raw,2,query13,OK,19.156,45
rapids,100,shuffle-plain-lz4raw,shuffle,plain,lz4raw,2,query14,OK,20.669,1
rapids,100,shuffle-plain-lz4raw,shuffle,plain,lz4raw,2,query15,OK,39.896,1
rapids,100,shuffle-plain-lz4raw,shuffle,plain,lz4raw,2,query16,OK,38.799,27840
rapids,100,shuffle-plain-lz4raw,shuffle,plain,lz4raw,2,query17,OK,32.305,1
rapids,100,shuffle-plain-lz4raw,shuffle,plain,lz4raw,2,query18,OK,48.607,100
rapids,100,shuffle-plain-lz4raw,shuffle,plain,lz4raw,2,query19,OK,18.266,1
rapids,100,shuffle-plain-lz4raw,shuffle,plain,lz4raw,2,query20,OK,24.675,17971
rapids,100,shuffle-plain-lz4raw,shuffle,plain,lz4raw,2,query21,OK,41.503,100
rapids,100,shuffle-plain-lz4raw,shuffle,plain,lz4raw,2,query22,OK,23.717,7
rapids,100,shuffle-plain-lz4raw,shuffle,plain,lz4raw,3,query1,OK,11.051,4
rapids,100,shuffle-plain-lz4raw,shuffle,plain,lz4raw,3,query2,OK,34.263,100
rapids,100,shuffle-plain-lz4raw,shuffle,plain,lz4raw,3,query3,OK,30.578,10
rapids,100,shuffle-plain-lz4raw,shuffle,plain,lz4raw,3,query4,OK,20.491,5
rapids,100,shuffle-plain-lz4raw,shuffle,plain,lz4raw,3,query5,OK,49.819,5
rapids,100,shuffle-plain-lz4raw,shuffle,plain,lz4raw,3,query6,OK,7.021,1
rapids,100,shuffle-plain-lz4raw,shuffle,plain,lz4raw,3,query7,OK,36.583,4
rapids,100,shuffle-plain-lz4raw,shuffle,plain,lz4raw,3,query8,OK,55.676,2
rapids,100,shuffle-plain-lz4raw,shuffle,plain,lz4raw,3,query9,OK,62.824,175
rapids,100,shuffle-plain-lz4raw,shuffle,plain,lz4raw,3,query10,OK,33.852,20
rapids,100,shuffle-plain-lz4raw,shuffle,plain,lz4raw,3,query11,OK,44.241,1706230
rapids,100,shuffle-plain-lz4raw,shuffle,plain,lz4raw,3,query12,OK,18.753,2
rapids,100,shuffle-plain-lz4raw,shuffle,plain,lz4raw,3,query13,OK,19.088,45
rapids,100,shuffle-plain-lz4raw,shuffle,plain,lz4raw,3,query14,OK,20.676,1
rapids,100,shuffle-plain-lz4raw,shuffle,plain,lz4raw,3,query15,OK,39.860,1
rapids,100,shuffle-plain-lz4raw,shuffle,plain,lz4raw,3,query16,OK,32.639,27840
rapids,100,shuffle-plain-lz4raw,shuffle,plain,lz4raw,3,query17,OK,26.315,1
rapids,100,shuffle-plain-lz4raw,shuffle,plain,lz4raw,3,query18,OK,47.634,100
rapids,100,shuffle-plain-lz4raw,shuffle,plain,lz4raw,3,query19,OK,15.234,1
rapids,100,shuffle-plain-lz4raw,shuffle,plain,lz4raw,3,query20,OK,27.543,17971
rapids,100,shuffle-plain-lz4raw,shuffle,plain,lz4raw,3,query21,OK,48.084,100
rapids,100,shuffle-plain-lz4raw,shuffle,plain,lz4raw,3,query22,OK,18.388,7
rapids,100,shuffle-plain-snappy,shuffle,plain,snappy,1,query1,OK,8.950,4
rapids,100,shuffle-plain-snappy,shuffle,plain,snappy,1,query2,OK,35.273,100
rapids,100,shuffle-plain-snappy,shuffle,plain,snappy,1,query3,OK,34.576,10
rapids,100,shuffle-plain-snappy,shuffle,plain,snappy,1,query4,OK,18.394,5
rapids,100,shuffle-plain-snappy,shuffle,plain,snappy,1,query5,OK,52.498,5
rapids,100,shuffle-plain-snappy,shuffle,plain,snappy,1,query6,OK,6.090,1
rapids,100,shuffle-plain-snappy,shuffle,plain,snappy,1,query7,OK,33.213,4
rapids,100,shuffle-plain-snappy,shuffle,plain,snappy,1,query8,OK,49.748,2
rapids,100,shuffle-plain-snappy,shuffle,plain,snappy,1,query9,OK,64.384,175
rapids,100,shuffle-plain-snappy,shuffle,plain,snappy,1,query10,OK,28.809,20
rapids,100,shuffle-plain-snappy,shuffle,plain,snappy,1,query11,OK,43.460,1706230
rapids,100,shuffle-plain-snappy,shuffle,plain,snappy,1,query12,OK,18.514,2
rapids,100,shuffle-plain-snappy,shuffle,plain,snappy,1,query13,OK,18.477,45
rapids,100,shuffle-plain-snappy,shuffle,plain,snappy,1,query14,OK,20.217,1
rapids,100,shuffle-plain-snappy,shuffle,plain,snappy,1,query15,OK,39.187,1
rapids,100,shuffle-plain-snappy,shuffle,plain,snappy,1,query16,OK,37.585,27840
rapids,100,shuffle-plain-snappy,shuffle,plain,snappy,1,query17,OK,29.010,1
rapids,100,shuffle-plain-snappy,shuffle,plain,snappy,1,query18,OK,44.883,100
rapids,100,shuffle-plain-snappy,shuffle,plain,snappy,1,query19,OK,14.474,1
rapids,100,shuffle-plain-snappy,shuffle,plain,snappy,1,query20,OK,28.091,17971
rapids,100,shuffle-plain-snappy,shuffle,plain,snappy,1,query21,OK,40.514,100
rapids,100,shuffle-plain-snappy,shuffle,plain,snappy,1,query22,OK,23.900,7
rapids,100,shuffle-plain-snappy,shuffle,plain,snappy,2,query1,OK,10.118,4
rapids,100,shuffle-plain-snappy,shuffle,plain,snappy,2,query2,OK,35.184,100
rapids,100,shuffle-plain-snappy,shuffle,plain,snappy,2,query3,OK,30.372,10
rapids,100,shuffle-plain-snappy,shuffle,plain,snappy,2,query4,OK,19.726,5
rapids,100,shuffle-plain-snappy,shuffle,plain,snappy,2,query5,OK,48.124,5
rapids,100,shuffle-plain-snappy,shuffle,plain,snappy,2,query6,OK,5.582,1
rapids,100,shuffle-plain-snappy,shuffle,plain,snappy,2,query7,OK,39.837,4
rapids,100,shuffle-plain-snappy,shuffle,plain,snappy,2,query8,OK,51.225,2
rapids,100,shuffle-plain-snappy,shuffle,plain,snappy,2,query9,OK,58.573,175
rapids,100,shuffle-plain-snappy,shuffle,plain,snappy,2,query10,OK,29.545,20
rapids,100,shuffle-plain-snappy,shuffle,plain,snappy,2,query11,OK,39.589,1706230
rapids,100,shuffle-plain-snappy,shuffle,plain,snappy,2,query12,OK,14.717,2
rapids,100,shuffle-plain-snappy,shuffle,plain,snappy,2,query13,OK,16.268,45
rapids,100,shuffle-plain-snappy,shuffle,plain,snappy,2,query14,OK,20.050,1
rapids,100,shuffle-plain-snappy,shuffle,plain,snappy,2,query15,OK,31.595,1
rapids,100,shuffle-plain-snappy,shuffle,plain,snappy,2,query16,OK,32.022,27840
rapids,100,shuffle-plain-snappy,shuffle,plain,snappy,2,query17,OK,26.888,1
rapids,100,shuffle-plain-snappy,shuffle,plain,snappy,2,query18,OK,39.440,100
rapids,100,shuffle-plain-snappy,shuffle,plain,snappy,2,query19,OK,14.082,1
rapids,100,shuffle-plain-snappy,shuffle,plain,snappy,2,query20,OK,23.020,17971
rapids,100,shuffle-plain-snappy,shuffle,plain,snappy,2,query21,OK,41.225,100
rapids,100,shuffle-plain-snappy,shuffle,plain,snappy,2,query22,OK,23.344,7
rapids,100,shuffle-plain-snappy,shuffle,plain,snappy,3,query1,OK,8.650,4
rapids,100,shuffle-plain-snappy,shuffle,plain,snappy,3,query2,OK,41.010,100
rapids,100,shuffle-plain-snappy,shuffle,plain,snappy,3,query3,OK,30.281,10
rapids,100,shuffle-plain-snappy,shuffle,plain,snappy,3,query4,OK,18.276,5
rapids,100,shuffle-plain-snappy,shuffle,plain,snappy,3,query5,OK,46.228,5
rapids,100,shuffle-plain-snappy,shuffle,plain,snappy,3,query6,OK,5.575,1
rapids,100,shuffle-plain-snappy,shuffle,plain,snappy,3,query7,OK,34.980,4
rapids,100,shuffle-plain-snappy,shuffle,plain,snappy,3,query8,OK,60.032,2
rapids,100,shuffle-plain-snappy,shuffle,plain,snappy,3,query9,OK,58.928,175
rapids,100,shuffle-plain-snappy,shuffle,plain,snappy,3,query10,OK,29.497,20
rapids,100,shuffle-plain-snappy,shuffle,plain,snappy,3,query11,OK,44.354,1706230
rapids,100,shuffle-plain-snappy,shuffle,plain,snappy,3,query12,OK,18.513,2
rapids,100,shuffle-plain-snappy,shuffle,plain,snappy,3,query13,OK,22.403,45
rapids,100,shuffle-plain-snappy,shuffle,plain,snappy,3,query14,OK,21.429,1
rapids,100,shuffle-plain-snappy,shuffle,plain,snappy,3,query15,OK,32.088,1
rapids,100,shuffle-plain-snappy,shuffle,plain,snappy,3,query16,OK,31.616,27840
rapids,100,shuffle-plain-snappy,shuffle,plain,snappy,3,query17,OK,26.498,1
rapids,100,shuffle-plain-snappy,shuffle,plain,snappy,3,query18,OK,46.966,100
rapids,100,shuffle-plain-snappy,shuffle,plain,snappy,3,query19,OK,14.653,1
rapids,100,shuffle-plain-snappy,shuffle,plain,snappy,3,query20,OK,26.909,17971
rapids,100,shuffle-plain-snappy,shuffle,plain,snappy,3,query21,OK,41.872,100
rapids,100,shuffle-plain-snappy,shuffle,plain,snappy,3,query22,OK,16.108,7
rapids,100,shuffle-plain-zstd,shuffle,plain,zstd,1,query1,OK,9.899,4
rapids,100,shuffle-plain-zstd,shuffle,plain,zstd,1,query2,OK,34.384,100
rapids,100,shuffle-plain-zstd,shuffle,plain,zstd,1,query3,OK,35.702,10
rapids,100,shuffle-plain-zstd,shuffle,plain,zstd,1,query4,OK,24.278,5
rapids,100,shuffle-plain-zstd,shuffle,plain,zstd,1,query5,OK,49.011,5
rapids,100,shuffle-plain-zstd,shuffle,plain,zstd,1,query6,OK,5.890,1
rapids,100,shuffle-plain-zstd,shuffle,plain,zstd,1,query7,OK,38.515,4
rapids,100,shuffle-plain-zstd,shuffle,plain,zstd,1,query8,OK,51.597,2
rapids,100,shuffle-plain-zstd,shuffle,plain,zstd,1,query9,OK,62.816,175
rapids,100,shuffle-plain-zstd,shuffle,plain,zstd,1,query10,OK,29.493,20
rapids,100,shuffle-plain-zstd,shuffle,plain,zstd,1,query11,OK,38.597,1706230
rapids,100,shuffle-plain-zstd,shuffle,plain,zstd,1,query12,OK,22.417,2
rapids,100,shuffle-plain-zstd,shuffle,plain,zstd,1,query13,OK,16.227,45
rapids,100,shuffle-plain-zstd,shuffle,plain,zstd,1,query14,OK,25.644,1
rapids,100,shuffle-plain-zstd,shuffle,plain,zstd,1,query15,OK,32.901,1
rapids,100,shuffle-plain-zstd,shuffle,plain,zstd,1,query16,OK,32.389,27840
rapids,100,shuffle-plain-zstd,shuffle,plain,zstd,1,query17,OK,31.459,1
rapids,100,shuffle-plain-zstd,shuffle,plain,zstd,1,query18,OK,40.216,100
rapids,100,shuffle-plain-zstd,shuffle,plain,zstd,1,query19,OK,15.446,1
rapids,100,shuffle-plain-zstd,shuffle,plain,zstd,1,query20,OK,25.830,17971
rapids,100,shuffle-plain-zstd,shuffle,plain,zstd,1,query21,OK,44.398,100
rapids,100,shuffle-plain-zstd,shuffle,plain,zstd,1,query22,OK,21.052,7
rapids,100,shuffle-plain-zstd,shuffle,plain,zstd,2,query1,OK,10.544,4
rapids,100,shuffle-plain-zstd,shuffle,plain,zstd,2,query2,OK,40.029,100
rapids,100,shuffle-plain-zstd,shuffle,plain,zstd,2,query3,OK,29.026,10
rapids,100,shuffle-plain-zstd,shuffle,plain,zstd,2,query4,OK,21.161,5
rapids,100,shuffle-plain-zstd,shuffle,plain,zstd,2,query5,OK,49.676,5
rapids,100,shuffle-plain-zstd,shuffle,plain,zstd,2,query6,OK,5.118,1
rapids,100,shuffle-plain-zstd,shuffle,plain,zstd,2,query7,OK,33.526,4
rapids,100,shuffle-plain-zstd,shuffle,plain,zstd,2,query8,OK,55.863,2
rapids,100,shuffle-plain-zstd,shuffle,plain,zstd,2,query9,OK,61.079,175
rapids,100,shuffle-plain-zstd,shuffle,plain,zstd,2,query10,OK,26.681,20
rapids,100,shuffle-plain-zstd,shuffle,plain,zstd,2,query11,OK,36.678,1706230
rapids,100,shuffle-plain-zstd,shuffle,plain,zstd,2,query12,OK,17.614,2
rapids,100,shuffle-plain-zstd,shuffle,plain,zstd,2,query13,OK,15.706,45
rapids,100,shuffle-plain-zstd,shuffle,plain,zstd,2,query14,OK,19.420,1
rapids,100,shuffle-plain-zstd,shuffle,plain,zstd,2,query15,OK,32.232,1
rapids,100,shuffle-plain-zstd,shuffle,plain,zstd,2,query16,OK,34.557,27840
rapids,100,shuffle-plain-zstd,shuffle,plain,zstd,2,query17,OK,22.905,1
rapids,100,shuffle-plain-zstd,shuffle,plain,zstd,2,query18,OK,41.277,100
rapids,100,shuffle-plain-zstd,shuffle,plain,zstd,2,query19,OK,16.841,1
rapids,100,shuffle-plain-zstd,shuffle,plain,zstd,2,query20,OK,21.894,17971
rapids,100,shuffle-plain-zstd,shuffle,plain,zstd,2,query21,OK,40.220,100
rapids,100,shuffle-plain-zstd,shuffle,plain,zstd,2,query22,OK,20.162,7
rapids,100,shuffle-plain-zstd,shuffle,plain,zstd,3,query1,OK,10.134,4
rapids,100,shuffle-plain-zstd,shuffle,plain,zstd,3,query2,OK,34.284,100
rapids,100,shuffle-plain-zstd,shuffle,plain,zstd,3,query3,OK,30.375,10
rapids,100,shuffle-plain-zstd,shuffle,plain,zstd,3,query4,OK,17.681,5
rapids,100,shuffle-plain-zstd,shuffle,plain,zstd,3,query5,OK,46.718,5
rapids,100,shuffle-plain-zstd,shuffle,plain,zstd,3,query6,OK,5.821,1
rapids,100,shuffle-plain-zstd,shuffle,plain,zstd,3,query7,OK,33.356,4
rapids,100,shuffle-plain-zstd,shuffle,plain,zstd,3,query8,OK,50.219,2
rapids,100,shuffle-plain-zstd,shuffle,plain,zstd,3,query9,OK,61.498,175
rapids,100,shuffle-plain-zstd,shuffle,plain,zstd,3,query10,OK,29.402,20
rapids,100,shuffle-plain-zstd,shuffle,plain,zstd,3,query11,OK,37.060,1706230
rapids,100,shuffle-plain-zstd,shuffle,plain,zstd,3,query12,OK,18.223,2
rapids,100,shuffle-plain-zstd,shuffle,plain,zstd,3,query13,OK,17.333,45
rapids,100,shuffle-plain-zstd,shuffle,plain,zstd,3,query14,OK,20.486,1
rapids,100,shuffle-plain-zstd,shuffle,plain,zstd,3,query15,OK,34.841,1
rapids,100,shuffle-plain-zstd,shuffle,plain,zstd,3,query16,OK,31.312,27840
rapids,100,shuffle-plain-zstd,shuffle,plain,zstd,3,query17,OK,31.343,1
rapids,100,shuffle-plain-zstd,shuffle,plain,zstd,3,query18,OK,39.123,100
rapids,100,shuffle-plain-zstd,shuffle,plain,zstd,3,query19,OK,14.609,1
rapids,100,shuffle-plain-zstd,shuffle,plain,zstd,3,query20,OK,24.354,17971
rapids,100,shuffle-plain-zstd,shuffle,plain,zstd,3,query21,OK,41.516,100
rapids,100,shuffle-plain-zstd,shuffle,plain,zstd,3,query22,OK,19.349,7
